-- MySQL dump 10.13  Distrib 8.4.8, for Linux (aarch64)
--
-- Host: mysql63.unoeuro.com    Database: dtu_volley_dk_db2
-- ------------------------------------------------------
-- Server version	8.4.8-8

/*!40101 SET @OLD_CHARACTER_SET_CLIENT=@@CHARACTER_SET_CLIENT */;
/*!40101 SET @OLD_CHARACTER_SET_RESULTS=@@CHARACTER_SET_RESULTS */;
/*!40101 SET @OLD_COLLATION_CONNECTION=@@COLLATION_CONNECTION */;
/*!50503 SET NAMES utf8mb4 */;
/*!40103 SET @OLD_TIME_ZONE=@@TIME_ZONE */;
/*!40103 SET TIME_ZONE='+00:00' */;
/*!40014 SET @OLD_UNIQUE_CHECKS=@@UNIQUE_CHECKS, UNIQUE_CHECKS=0 */;
/*!40014 SET @OLD_FOREIGN_KEY_CHECKS=@@FOREIGN_KEY_CHECKS, FOREIGN_KEY_CHECKS=0 */;
/*!40101 SET @OLD_SQL_MODE=@@SQL_MODE, SQL_MODE='NO_AUTO_VALUE_ON_ZERO' */;
/*!40111 SET @OLD_SQL_NOTES=@@SQL_NOTES, SQL_NOTES=0 */;

--
-- Table structure for table `cup`
--

DROP TABLE IF EXISTS `cup`;
/*!40101 SET @saved_cs_client     = @@character_set_client */;
/*!50503 SET character_set_client = utf8mb4 */;
CREATE TABLE `cup` (
  `id` bigint NOT NULL AUTO_INCREMENT,
  `name` varchar(255) COLLATE utf8mb4_unicode_ci DEFAULT NULL,
  `final_id` bigint DEFAULT NULL,
  `first_semi_final_id` bigint DEFAULT NULL,
  `playoff_id` bigint DEFAULT NULL,
  `second_semi_final_id` bigint DEFAULT NULL,
  `small_final_id` bigint DEFAULT NULL,
  PRIMARY KEY (`id`),
  KEY `FKtqkyer4yn9gc3qis1evil3ll` (`final_id`),
  KEY `FKncmsm47aba1wh62y8ctnlrgn6` (`first_semi_final_id`),
  KEY `FK62c7fas7xklk2p7w7gbwrp3dg` (`playoff_id`),
  KEY `FKg4gxcqcdnekfa111q2tdgqit` (`second_semi_final_id`),
  KEY `FKtoe3aq2lyqrefgwtihuchchnt` (`small_final_id`),
  CONSTRAINT `FK62c7fas7xklk2p7w7gbwrp3dg` FOREIGN KEY (`playoff_id`) REFERENCES `playoff` (`id`) ON DELETE RESTRICT ON UPDATE RESTRICT,
  CONSTRAINT `FKg4gxcqcdnekfa111q2tdgqit` FOREIGN KEY (`second_semi_final_id`) REFERENCES `playoff_game` (`id`) ON DELETE RESTRICT ON UPDATE RESTRICT,
  CONSTRAINT `FKncmsm47aba1wh62y8ctnlrgn6` FOREIGN KEY (`first_semi_final_id`) REFERENCES `playoff_game` (`id`) ON DELETE RESTRICT ON UPDATE RESTRICT,
  CONSTRAINT `FKtoe3aq2lyqrefgwtihuchchnt` FOREIGN KEY (`small_final_id`) REFERENCES `playoff_game` (`id`) ON DELETE RESTRICT ON UPDATE RESTRICT,
  CONSTRAINT `FKtqkyer4yn9gc3qis1evil3ll` FOREIGN KEY (`final_id`) REFERENCES `playoff_game` (`id`) ON DELETE RESTRICT ON UPDATE RESTRICT
) ENGINE=InnoDB AUTO_INCREMENT=10370 DEFAULT CHARSET=utf8mb4 COLLATE=utf8mb4_unicode_ci;
/*!40101 SET character_set_client = @saved_cs_client */;

--
-- Dumping data for table `cup`
--

LOCK TABLES `cup` WRITE;
/*!40000 ALTER TABLE `cup` DISABLE KEYS */;
INSERT INTO `cup` VALUES (1,'Green',1,2,1,3,4),(2,'Blue',5,6,1,7,8),(3,'Red',9,10,1,11,12),(4,'Purple',13,14,1,15,16),(5,'Green',17,NULL,2,NULL,18),(6,'Blue',19,NULL,2,NULL,20),(7,'Red',21,NULL,2,NULL,22),(8,'Purple',23,NULL,2,NULL,24),(13,'Green',33,NULL,4,NULL,34),(14,'Blue',35,NULL,4,NULL,36),(15,'Red',37,NULL,4,NULL,38),(16,'Purple',39,NULL,4,NULL,40),(17,'Green',41,NULL,5,NULL,42),(18,'Blue',43,NULL,5,NULL,44),(19,'Red',45,NULL,5,NULL,46),(20,'Purple',47,NULL,5,NULL,48),(2342,'Green',2343,NULL,2341,NULL,2347),(2351,'Blue',2352,NULL,2341,NULL,2356),(2360,'Red',2361,NULL,2341,NULL,2365),(2369,'Purple',2370,NULL,2341,NULL,2374),(2858,'Green',2859,NULL,2857,NULL,2863),(2867,'Blue',2868,NULL,2857,NULL,2872),(2876,'Red',2877,NULL,2857,NULL,2881),(2885,'Purple',2886,NULL,2857,NULL,2890),(4681,'Green',4682,NULL,4680,NULL,4686),(4690,'Blue',4691,NULL,4680,NULL,4695),(4699,'Red',4700,NULL,4680,NULL,4704),(4708,'Purple',4709,NULL,4680,NULL,4713),(10342,'Green',10343,NULL,10341,NULL,10347),(10351,'Blue',10352,NULL,10341,NULL,10356),(10360,'Red',10361,NULL,10341,NULL,10365),(10369,'Purple',10370,NULL,10341,NULL,10374);
/*!40000 ALTER TABLE `cup` ENABLE KEYS */;
UNLOCK TABLES;

--
-- Table structure for table `game`
--

DROP TABLE IF EXISTS `game`;
/*!40101 SET @saved_cs_client     = @@character_set_client */;
/*!50503 SET character_set_client = utf8mb4 */;
CREATE TABLE `game` (
  `id` bigint NOT NULL AUTO_INCREMENT,
  `away_score` int DEFAULT NULL,
  `completed` tinyint(1) DEFAULT NULL,
  `field` varchar(255) COLLATE utf8mb4_unicode_ci DEFAULT NULL,
  `home_score` int DEFAULT NULL,
  `away_team_id` bigint DEFAULT NULL,
  `group_id` bigint DEFAULT NULL,
  `home_team_id` bigint DEFAULT NULL,
  `ref_team_id` bigint DEFAULT NULL,
  `round_id` bigint DEFAULT NULL,
  PRIMARY KEY (`id`),
  KEY `FKaowpughmnfa6ifikwfy6wf4g2` (`away_team_id`),
  KEY `FK6un8x67exik7igobr59fxcihe` (`group_id`),
  KEY `FK51yuyu3ukyq5e8nsvywbof2ws` (`home_team_id`),
  KEY `FKol5p0b7jeyrb9xawrujn4cg8v` (`ref_team_id`),
  KEY `FKn01159tovq5ujs1hm31m52dgc` (`round_id`),
  CONSTRAINT `FK51yuyu3ukyq5e8nsvywbof2ws` FOREIGN KEY (`home_team_id`) REFERENCES `team` (`id`) ON DELETE RESTRICT ON UPDATE RESTRICT,
  CONSTRAINT `FK6un8x67exik7igobr59fxcihe` FOREIGN KEY (`group_id`) REFERENCES `team_group` (`id`) ON DELETE RESTRICT ON UPDATE RESTRICT,
  CONSTRAINT `FKaowpughmnfa6ifikwfy6wf4g2` FOREIGN KEY (`away_team_id`) REFERENCES `team` (`id`) ON DELETE RESTRICT ON UPDATE RESTRICT,
  CONSTRAINT `FKn01159tovq5ujs1hm31m52dgc` FOREIGN KEY (`round_id`) REFERENCES `round` (`id`) ON DELETE RESTRICT ON UPDATE RESTRICT,
  CONSTRAINT `FKol5p0b7jeyrb9xawrujn4cg8v` FOREIGN KEY (`ref_team_id`) REFERENCES `team` (`id`) ON DELETE RESTRICT ON UPDATE RESTRICT
) ENGINE=InnoDB AUTO_INCREMENT=10334 DEFAULT CHARSET=utf8mb4 COLLATE=utf8mb4_unicode_ci;
/*!40101 SET character_set_client = @saved_cs_client */;

--
-- Dumping data for table `game`
--

LOCK TABLES `game` WRITE;
/*!40000 ALTER TABLE `game` DISABLE KEYS */;
INSERT INTO `game` VALUES (337,39,1,'Field 1',21,22,113,39,40,1),(338,26,1,'Field 1',20,40,113,22,39,3),(339,13,1,'Field 1',35,39,113,40,22,5),(340,26,1,'Field 2',36,21,114,36,17,1),(341,33,1,'Field 2',24,17,114,21,36,3),(342,19,1,'Field 2',34,36,114,17,21,5),(343,31,1,'Field 3',25,12,115,34,14,1),(344,28,1,'Field 3',18,14,115,12,34,3),(345,23,1,'Field 3',35,34,115,14,12,5),(346,35,1,'Field 4',23,8,116,33,4,1),(347,31,1,'Field 4',14,4,116,8,33,3),(348,17,1,'Field 4',40,33,116,4,8,5),(349,26,1,'Field 5',28,2,117,32,44,1),(350,20,1,'Field 5',31,44,117,2,32,3),(351,39,1,'Field 5',27,32,117,44,2,5),(352,36,1,'Field 6',23,37,118,28,20,1),(353,29,1,'Field 6',22,20,118,37,28,3),(354,22,1,'Field 6',30,28,118,20,37,5),(355,27,1,'Field 7',31,26,119,27,13,1),(356,28,1,'Field 7',20,13,119,26,27,3),(357,18,1,'Field 7',31,27,119,13,26,5),(358,23,1,'Field 8',33,5,120,23,1,1),(359,31,1,'Field 8',23,1,120,5,23,3),(360,19,1,'Field 8',30,23,120,1,5,5),(361,34,1,'Field 1',16,30,121,18,48,2),(362,22,1,'Field 1',32,48,121,30,18,4),(363,19,1,'Field 1',38,18,121,48,30,6),(364,24,1,'Field 2',30,29,122,31,47,2),(365,39,1,'Field 2',15,47,122,29,31,4),(366,15,1,'Field 2',36,31,122,47,29,6),(367,24,1,'Field 3',40,16,123,19,46,2),(368,34,1,'Field 3',20,46,123,16,19,4),(369,23,1,'Field 3',33,19,123,46,16,6),(370,30,1,'Field 4',32,10,124,15,45,2),(371,35,1,'Field 4',26,45,124,10,15,4),(372,24,1,'Field 4',37,15,124,45,10,6),(373,34,1,'Field 5',19,9,125,11,41,2),(374,38,1,'Field 5',29,41,125,9,11,4),(375,25,1,'Field 5',35,11,125,41,9,6),(376,24,1,'Field 6',26,7,126,3,35,2),(377,26,1,'Field 6',29,35,126,7,3,4),(378,24,1,'Field 6',24,3,126,35,7,6),(379,38,1,'Field 7',23,6,127,43,25,2),(380,30,1,'Field 7',29,25,127,6,43,4),(381,22,1,'Field 7',30,43,127,25,6,6),(382,40,1,'Field 8',26,38,128,42,24,2),(383,41,1,'Field 8',23,24,128,38,42,4),(384,26,1,'Field 8',38,42,128,24,38,6),(385,14,1,'Field 1',28,37,129,40,14,7),(386,14,1,'Field 1',25,22,129,14,37,8),(387,25,1,'Field 1',25,13,129,32,22,9),(388,33,1,'Field 1',15,14,129,37,32,10),(389,33,1,'Field 1',17,40,129,32,14,11),(390,21,1,'Field 1',35,22,129,13,37,12),(391,14,1,'Field 1',34,37,129,32,40,13),(392,26,1,'Field 1',33,14,129,13,32,14),(393,32,1,'Field 1',11,40,129,22,14,15),(394,42,1,'Field 1',11,13,129,37,22,16),(395,21,1,'Field 1',25,32,129,22,13,17),(396,23,1,'Field 1',18,14,129,40,32,18),(397,20,1,'Field 1',36,37,129,22,40,19),(398,19,1,'Field 1',26,13,129,40,22,20),(399,22,1,'Field 1',33,32,129,14,13,21),(400,23,1,'Field 2',27,23,130,17,4,7),(401,20,1,'Field 2',30,2,130,4,23,8),(402,22,1,'Field 2',29,1,130,20,2,9),(403,36,1,'Field 2',19,4,130,23,20,10),(404,25,1,'Field 2',28,17,130,20,4,11),(405,32,1,'Field 2',19,2,130,1,23,12),(406,16,1,'Field 2',30,23,130,20,17,13),(407,29,1,'Field 2',19,4,130,1,20,14),(408,19,1,'Field 2',24,17,130,2,4,15),(409,29,1,'Field 2',24,1,130,23,2,16),(410,17,1,'Field 2',22,20,130,2,1,17),(411,24,1,'Field 2',19,4,130,17,20,18),(412,22,1,'Field 2',31,23,130,2,17,19),(413,13,1,'Field 2',24,1,130,17,2,20),(414,21,1,'Field 2',33,20,130,4,1,21),(415,25,1,'Field 3',21,8,131,39,34,7),(416,22,1,'Field 3',39,12,131,34,8,8),(417,25,1,'Field 3',31,26,131,44,12,9),(418,30,1,'Field 3',22,34,131,8,44,10),(419,30,1,'Field 3',28,39,131,44,34,11),(420,33,1,'Field 3',22,12,131,26,8,12),(421,24,1,'Field 3',23,8,131,44,39,13),(422,29,1,'Field 3',21,34,131,26,44,14),(423,15,1,'Field 3',31,39,131,12,34,15),(424,26,1,'Field 3',21,26,131,8,12,16),(425,18,1,'Field 3',25,44,131,12,26,17),(426,32,1,'Field 3',19,34,131,39,44,18),(427,18,1,'Field 3',30,8,131,12,39,19),(428,21,1,'Field 3',23,26,131,39,12,20),(429,30,1,'Field 3',27,44,131,34,26,21),(430,32,1,'Field 4',21,27,132,21,33,7),(431,27,1,'Field 4',23,36,132,33,27,8),(432,20,1,'Field 4',23,5,132,28,36,9),(433,28,1,'Field 4',21,33,132,27,28,10),(434,31,1,'Field 4',18,21,132,28,33,11),(435,26,1,'Field 4',23,36,132,5,27,12),(436,20,1,'Field 4',27,27,132,28,21,13),(437,28,1,'Field 4',23,33,132,5,28,14),(438,24,1,'Field 4',29,21,132,36,33,15),(439,28,1,'Field 4',20,5,132,27,36,16),(440,25,1,'Field 4',22,28,132,36,5,17),(441,26,1,'Field 4',29,33,132,21,28,18),(442,23,1,'Field 4',28,27,132,36,21,19),(443,18,1,'Field 4',23,5,132,21,36,20),(444,9,1,'Field 4',38,28,132,33,5,21),(445,24,1,'Field 5',28,19,133,30,46,7),(446,20,1,'Field 5',41,6,133,46,19,8),(447,30,1,'Field 5',26,25,133,41,6,9),(448,28,1,'Field 5',29,46,133,19,41,10),(449,27,1,'Field 5',27,30,133,41,46,11),(450,22,1,'Field 5',28,6,133,25,19,12),(451,42,1,'Field 5',17,19,133,41,30,13),(452,29,1,'Field 5',27,46,133,25,41,14),(453,23,1,'Field 5',16,30,133,6,46,15),(454,31,1,'Field 5',27,25,133,19,6,16),(455,30,1,'Field 5',29,41,133,6,25,17),(456,30,1,'Field 5',18,46,133,30,41,18),(457,38,1,'Field 5',29,19,133,6,30,19),(458,30,1,'Field 5',24,25,133,30,6,20),(459,NULL,0,'Field 5',NULL,41,133,46,25,21),(460,17,1,'Field 6',39,9,134,47,45,7),(461,27,1,'Field 6',30,48,134,45,9,8),(462,37,1,'Field 6',20,24,134,3,48,9),(463,36,1,'Field 6',25,45,134,9,3,10),(464,29,1,'Field 6',22,47,134,3,45,11),(465,30,1,'Field 6',30,48,134,24,9,12),(466,17,1,'Field 6',48,9,134,3,47,13),(467,24,1,'Field 6',33,45,134,24,3,14),(468,32,1,'Field 6',27,47,134,48,45,15),(469,52,1,'Field 6',25,24,134,9,48,16),(470,36,1,'Field 6',23,3,134,48,24,17),(471,22,1,'Field 6',27,45,134,47,3,18),(472,27,1,'Field 6',48,9,134,48,47,19),(473,28,1,'Field 6',24,24,134,47,48,20),(474,33,1,'Field 6',29,3,134,45,24,21),(475,33,1,'Field 7',34,15,135,18,16,7),(476,30,1,'Field 7',10,7,135,16,15,8),(477,34,1,'Field 7',33,43,135,11,7,9),(478,30,1,'Field 7',30,16,135,15,11,10),(479,44,1,'Field 7',19,18,135,11,16,11),(480,44,1,'Field 7',21,7,135,43,15,12),(481,34,1,'Field 7',33,15,135,11,18,13),(482,31,1,'Field 7',25,16,135,43,11,14),(483,16,1,'Field 7',34,18,135,7,16,15),(484,34,1,'Field 7',28,43,135,15,7,16),(485,18,1,'Field 7',28,11,135,7,43,17),(486,23,1,'Field 7',36,16,135,18,11,18),(487,18,1,'Field 7',40,15,135,7,18,19),(488,26,1,'Field 7',32,43,135,18,7,20),(489,34,1,'Field 7',31,11,135,16,43,21),(490,43,1,'Field 8',18,31,136,29,10,7),(491,45,1,'Field 8',24,38,136,10,31,8),(492,19,1,'Field 8',35,42,136,35,38,9),(493,17,1,'Field 8',38,10,136,31,35,10),(494,22,1,'Field 8',36,29,136,35,10,11),(495,44,1,'Field 8',27,38,136,42,31,12),(496,19,1,'Field 8',37,31,136,35,29,13),(497,28,1,'Field 8',31,10,136,42,35,14),(498,26,1,'Field 8',30,29,136,38,10,15),(499,25,1,'Field 8',37,42,136,31,38,16),(500,27,1,'Field 8',23,35,136,38,42,17),(501,32,1,'Field 8',33,10,136,29,35,18),(502,39,1,'Field 8',26,31,136,38,29,19),(503,24,1,'Field 8',30,42,136,29,38,20),(504,42,1,'Field 8',34,35,136,10,42,21),(553,24,1,'Field 1',31,96,153,87,53,51),(554,23,1,'Field 1',21,53,153,96,87,53),(555,27,1,'Field 1',21,87,153,53,96,55),(556,37,1,'Field 2',20,98,154,94,67,51),(557,26,1,'Field 2',18,67,154,98,94,53),(558,27,1,'Field 2',23,94,154,67,98,55),(559,37,1,'Field 3',20,52,155,63,86,51),(560,27,1,'Field 3',17,86,155,52,63,53),(561,12,1,'Field 3',39,63,155,86,52,55),(562,36,1,'Field 4',32,68,156,73,51,51),(563,30,1,'Field 4',22,51,156,68,73,53),(564,18,1,'Field 4',25,73,156,51,68,55),(565,35,1,'Field 5',22,71,157,78,59,51),(566,33,1,'Field 5',21,59,157,71,78,53),(567,22,1,'Field 5',30,78,157,59,71,55),(568,23,1,'Field 6',31,79,158,80,66,51),(569,33,1,'Field 6',13,66,158,79,80,53),(570,20,1,'Field 6',25,80,158,66,79,55),(571,18,1,'Field 7',38,90,159,81,70,51),(572,33,1,'Field 7',14,70,159,90,81,53),(573,26,1,'Field 7',26,81,159,70,90,55),(574,19,1,'Field 8',41,93,160,91,75,51),(575,34,1,'Field 8',11,75,160,93,91,53),(576,21,1,'Field 8',29,91,160,75,93,55),(577,25,1,'Field 1',26,58,161,76,95,52),(578,38,1,'Field 1',24,95,161,58,76,54),(579,20,1,'Field 1',32,76,161,95,58,56),(580,18,1,'Field 2',35,74,162,77,97,52),(581,41,1,'Field 2',21,97,162,74,77,54),(582,20,1,'Field 2',31,77,162,97,74,56),(583,15,1,'Field 3',45,85,163,82,54,52),(584,39,1,'Field 3',19,54,163,85,82,54),(585,19,1,'Field 3',32,82,163,54,85,56),(586,15,1,'Field 4',42,89,164,88,55,52),(587,37,1,'Field 4',17,55,164,89,88,54),(588,17,1,'Field 4',29,88,164,55,89,56),(589,24,1,'Field 5',37,92,165,64,56,52),(590,32,1,'Field 5',24,56,165,92,64,54),(591,32,1,'Field 5',26,64,165,56,92,56),(592,23,1,'Field 6',34,61,166,65,60,52),(593,43,1,'Field 6',18,60,166,61,65,54),(594,22,1,'Field 6',34,65,166,60,61,56),(595,27,1,'Field 7',30,83,167,72,62,52),(596,34,1,'Field 7',22,62,167,83,72,54),(597,22,1,'Field 7',27,72,167,62,83,56),(598,33,1,'Field 8',30,84,168,57,69,52),(599,29,1,'Field 8',18,69,168,84,57,54),(600,21,1,'Field 8',41,57,168,69,84,56),(601,17,1,'Field 1',32,52,169,87,86,57),(602,18,1,'Field 1',28,81,169,86,52,58),(603,33,1,'Field 1',21,70,169,59,81,59),(604,33,1,'Field 1',14,86,169,52,59,60),(605,29,1,'Field 1',25,87,169,59,86,61),(606,20,1,'Field 1',27,81,169,70,52,62),(607,18,1,'Field 1',27,52,169,59,87,63),(608,26,1,'Field 1',23,86,169,70,59,64),(609,31,1,'Field 1',19,87,169,81,86,65),(610,32,1,'Field 1',11,70,169,52,81,66),(611,27,1,'Field 1',23,59,169,81,70,67),(612,20,1,'Field 1',23,86,169,87,59,68),(613,24,1,'Field 1',27,52,169,81,87,69),(614,27,1,'Field 1',22,70,169,87,81,70),(615,20,1,'Field 1',21,59,169,86,70,71),(616,26,1,'Field 2',29,67,170,98,51,57),(617,15,1,'Field 2',24,91,170,51,67,58),(618,21,1,'Field 2',23,75,170,66,91,59),(619,18,1,'Field 2',25,51,170,67,66,60),(620,23,1,'Field 2',22,98,170,66,51,61),(621,20,1,'Field 2',25,91,170,75,67,62),(622,27,1,'Field 2',24,67,170,66,98,63),(623,16,1,'Field 2',27,51,170,75,66,64),(624,27,1,'Field 2',20,98,170,91,51,65),(625,18,1,'Field 2',20,75,170,67,91,66),(626,29,1,'Field 2',25,66,170,91,75,67),(627,17,1,'Field 2',21,51,170,98,66,68),(628,40,1,'Field 2',11,67,170,91,98,69),(629,21,1,'Field 2',24,75,170,98,91,70),(630,17,1,'Field 2',25,66,170,51,75,71),(631,23,1,'Field 3',26,68,171,96,63,57),(632,37,1,'Field 3',12,80,171,63,68,58),(633,26,1,'Field 3',26,90,171,78,80,59),(634,30,1,'Field 3',21,63,171,68,78,60),(635,21,1,'Field 3',23,96,171,78,63,61),(636,23,1,'Field 3',18,80,171,90,68,62),(637,21,1,'Field 3',28,68,171,78,96,63),(638,20,1,'Field 3',0,63,171,90,78,64),(639,17,1,'Field 3',20,96,171,80,63,65),(640,0,1,'Field 3',20,90,171,68,80,66),(641,17,1,'Field 3',28,78,171,80,90,67),(642,17,1,'Field 3',21,63,171,96,78,68),(643,16,1,'Field 3',26,68,171,80,96,69),(644,0,1,'Field 3',20,90,171,96,80,70),(645,25,1,'Field 3',17,78,171,63,90,71),(646,16,1,'Field 4',23,53,172,94,73,57),(647,29,1,'Field 4',15,71,172,73,53,58),(648,24,1,'Field 4',25,93,172,79,71,59),(649,10,1,'Field 4',25,73,172,53,79,60),(650,24,1,'Field 4',21,94,172,79,73,61),(651,28,1,'Field 4',17,71,172,93,53,62),(652,33,1,'Field 4',13,53,172,79,94,63),(653,29,1,'Field 4',21,73,172,93,79,64),(654,21,1,'Field 4',25,94,172,71,73,65),(655,15,1,'Field 4',33,93,172,53,71,66),(656,20,1,'Field 4',34,79,172,71,93,67),(657,19,1,'Field 4',23,73,172,94,79,68),(658,22,1,'Field 4',28,53,172,71,94,69),(659,15,1,'Field 4',33,93,172,94,71,70),(660,16,1,'Field 4',26,79,172,73,93,71),(661,21,1,'Field 5',29,77,173,95,54,57),(662,19,1,'Field 5',26,82,173,54,77,58),(663,32,1,'Field 5',21,62,173,64,82,59),(664,30,1,'Field 5',12,54,173,77,64,60),(665,28,1,'Field 5',24,95,173,64,54,61),(666,27,1,'Field 5',24,82,173,62,77,62),(667,30,1,'Field 5',18,77,173,64,95,63),(668,26,1,'Field 5',29,54,173,62,64,64),(669,27,1,'Field 5',24,95,173,82,54,65),(670,27,1,'Field 5',22,62,173,77,82,66),(671,18,1,'Field 5',36,64,173,82,62,67),(672,32,1,'Field 5',13,54,173,95,64,68),(673,19,1,'Field 5',33,77,173,82,95,69),(674,15,1,'Field 5',27,62,173,95,82,70),(675,14,1,'Field 5',44,64,173,54,62,71),(676,27,1,'Field 6',32,56,174,97,55,57),(677,18,1,'Field 6',24,88,174,55,56,58),(678,22,1,'Field 6',30,69,174,60,88,59),(679,31,1,'Field 6',15,55,174,56,60,60),(680,23,1,'Field 6',29,97,174,60,55,61),(681,33,1,'Field 6',18,88,174,69,56,62),(682,24,1,'Field 6',35,56,174,60,97,63),(683,28,1,'Field 6',17,55,174,69,60,64),(684,22,1,'Field 6',31,97,174,88,55,65),(685,29,1,'Field 6',23,69,174,56,88,66),(686,18,1,'Field 6',33,60,174,88,69,67),(687,28,1,'Field 6',13,55,174,97,60,68),(688,13,1,'Field 6',40,56,174,88,97,69),(689,27,1,'Field 6',21,69,174,97,88,70),(690,17,1,'Field 6',32,60,174,55,69,71),(691,33,1,'Field 7',26,84,175,58,85,57),(692,35,1,'Field 7',26,65,175,85,84,58),(693,28,1,'Field 7',26,83,175,92,65,59),(694,27,1,'Field 7',28,85,175,84,92,60),(695,29,1,'Field 7',27,58,175,92,85,61),(696,28,1,'Field 7',20,65,175,83,84,62),(697,21,1,'Field 7',33,84,175,92,58,63),(698,36,1,'Field 7',26,85,175,83,92,64),(699,25,1,'Field 7',24,58,175,65,85,65),(700,29,1,'Field 7',30,83,175,84,65,66),(701,26,1,'Field 7',29,92,175,65,83,67),(702,27,1,'Field 7',24,85,175,58,92,68),(703,24,1,'Field 7',31,84,175,65,58,69),(704,27,1,'Field 7',33,83,175,58,65,70),(705,32,1,'Field 7',28,92,175,85,83,71),(706,39,1,'Field 8',20,76,176,74,89,57),(707,34,1,'Field 8',22,72,176,89,76,58),(708,25,1,'Field 8',40,57,176,61,72,59),(709,21,1,'Field 8',43,89,176,76,61,60),(710,23,1,'Field 8',43,74,176,61,89,61),(711,31,1,'Field 8',22,72,176,57,76,62),(712,39,1,'Field 8',31,76,176,61,74,63),(713,28,1,'Field 8',28,89,176,57,61,64),(714,26,1,'Field 8',25,74,176,72,89,65),(715,19,1,'Field 8',35,57,176,76,72,66),(716,33,1,'Field 8',28,61,176,72,57,67),(717,28,1,'Field 8',24,89,176,74,61,68),(718,18,1,'Field 8',25,76,176,72,74,69),(719,17,1,'Field 8',40,57,176,74,72,70),(720,34,1,'Field 8',24,61,176,89,57,71),(721,23,1,'Field 1',29,122,177,107,102,101),(722,24,1,'Field 1',27,102,177,122,107,103),(723,14,1,'Field 1',27,107,177,102,122,105),(724,20,1,'Field 2',32,124,178,113,112,101),(725,27,1,'Field 2',25,112,178,124,113,103),(726,37,1,'Field 2',21,113,178,112,124,105),(727,16,1,'Field 3',36,142,179,119,116,101),(728,25,1,'Field 3',17,116,179,142,119,103),(729,31,1,'Field 3',20,119,179,116,142,105),(730,17,1,'Field 4',36,146,180,126,136,101),(731,42,1,'Field 4',16,136,180,146,126,103),(732,18,1,'Field 4',29,126,180,136,146,105),(733,28,1,'Field 5',24,109,181,131,148,101),(734,37,1,'Field 5',21,148,181,109,131,103),(735,26,1,'Field 5',24,131,181,148,109,105),(736,31,1,'Field 6',17,128,182,105,103,101),(737,26,1,'Field 6',19,103,182,128,105,103),(738,20,1,'Field 6',28,105,182,103,128,105),(739,23,1,'Field 7',35,110,183,114,104,101),(740,30,1,'Field 7',16,104,183,110,114,103),(741,25,1,'Field 7',24,114,183,104,110,105),(742,36,1,'Field 8',15,117,184,121,106,101),(743,35,1,'Field 8',14,106,184,117,121,103),(744,22,1,'Field 8',34,121,184,106,117,105),(745,28,1,'Field 1',27,145,185,140,118,102),(746,36,1,'Field 1',17,118,185,145,140,104),(747,18,1,'Field 1',39,140,185,118,145,106),(748,28,1,'Field 2',28,101,186,143,123,102),(749,41,1,'Field 2',15,123,186,101,143,104),(750,23,1,'Field 2',35,143,186,123,101,106),(751,28,1,'Field 3',29,111,187,144,127,102),(752,32,1,'Field 3',25,127,187,111,144,104),(753,28,1,'Field 3',27,144,187,127,111,106),(754,29,1,'Field 4',20,120,188,147,129,102),(755,30,1,'Field 4',20,129,188,120,147,104),(756,20,1,'Field 4',25,147,188,129,120,106),(757,33,1,'Field 5',29,125,189,108,132,102),(758,29,1,'Field 5',33,132,189,125,108,104),(759,27,1,'Field 5',34,108,189,132,125,106),(760,18,1,'Field 6',35,141,190,115,135,102),(761,32,1,'Field 6',16,135,190,141,115,104),(762,18,1,'Field 6',30,115,190,135,141,106),(763,40,1,'Field 7',21,130,191,133,137,102),(764,32,1,'Field 7',30,137,191,130,133,104),(765,28,1,'Field 7',31,133,191,137,130,106),(766,24,1,'Field 8',38,134,192,138,139,102),(767,50,1,'Field 8',14,139,192,134,138,104),(768,23,1,'Field 8',40,138,192,139,134,106),(769,22,1,'Field 1',24,128,193,102,119,107),(770,16,1,'Field 1',30,104,193,119,128,108),(771,23,1,'Field 1',22,114,193,148,104,109),(772,33,1,'Field 1',20,119,193,128,148,110),(773,30,1,'Field 1',21,102,193,148,119,111),(774,19,1,'Field 1',24,104,193,114,128,112),(775,24,1,'Field 1',29,128,193,148,102,113),(776,31,1,'Field 1',23,119,193,114,148,114),(777,28,1,'Field 1',19,102,193,104,119,115),(778,27,1,'Field 1',27,114,193,128,104,116),(779,23,1,'Field 1',21,148,193,104,114,117),(780,28,1,'Field 1',22,119,193,102,148,118),(781,26,1,'Field 1',20,128,193,104,102,119),(782,23,1,'Field 1',26,114,193,102,104,120),(783,20,1,'Field 1',28,148,193,119,114,121),(784,27,1,'Field 2',29,117,194,113,136,107),(785,15,1,'Field 2',36,126,194,136,117,108),(786,29,1,'Field 2',19,106,194,103,126,109),(787,41,1,'Field 2',17,136,194,117,103,110),(788,26,1,'Field 2',22,113,194,103,136,111),(789,19,1,'Field 2',31,126,194,106,117,112),(790,21,1,'Field 2',20,117,194,103,113,113),(791,32,1,'Field 2',20,136,194,106,103,114),(792,30,1,'Field 2',22,113,194,126,136,115),(793,29,1,'Field 2',23,106,194,117,126,116),(794,22,1,'Field 2',23,103,194,126,106,117),(795,36,1,'Field 2',17,136,194,113,103,118),(796,24,1,'Field 2',29,117,194,126,113,119),(797,24,1,'Field 2',27,106,194,113,126,120),(798,20,1,'Field 2',26,103,194,136,106,121),(799,30,1,'Field 3',20,116,195,107,142,107),(800,20,1,'Field 3',21,131,195,142,116,108),(801,21,1,'Field 3',25,110,195,109,131,109),(802,17,1,'Field 3',30,142,195,116,109,110),(803,22,1,'Field 3',25,107,195,109,142,111),(804,24,1,'Field 3',19,131,195,110,116,112),(805,27,1,'Field 3',22,116,195,109,107,113),(806,28,1,'Field 3',17,142,195,110,109,114),(807,24,1,'Field 3',22,107,195,131,142,115),(808,22,1,'Field 3',28,110,195,116,131,116),(809,27,1,'Field 3',26,109,195,131,110,117),(810,26,1,'Field 3',20,142,195,107,109,118),(811,26,1,'Field 3',21,116,195,131,107,119),(812,19,1,'Field 3',20,110,195,107,131,120),(813,16,1,'Field 3',32,109,195,142,110,121),(814,29,1,'Field 4',19,112,196,124,146,107),(815,32,1,'Field 4',20,122,196,146,112,108),(816,38,1,'Field 4',20,121,196,105,122,109),(817,26,1,'Field 4',24,146,196,112,105,110),(818,22,1,'Field 4',28,124,196,105,146,111),(819,28,1,'Field 4',23,122,196,121,112,112),(820,29,1,'Field 4',19,112,196,105,124,113),(821,28,1,'Field 4',27,146,196,121,105,114),(822,20,1,'Field 4',32,124,196,122,146,115),(823,29,1,'Field 4',22,121,196,112,122,116),(824,20,1,'Field 4',30,105,196,122,121,117),(825,27,1,'Field 4',22,146,196,124,105,118),(826,16,1,'Field 4',33,112,196,122,124,119),(827,26,1,'Field 4',23,121,196,124,122,120),(828,27,1,'Field 4',32,105,196,146,121,121),(829,21,1,'Field 5',40,115,197,118,144,107),(830,31,1,'Field 5',21,130,197,144,115,108),(831,32,1,'Field 5',31,137,197,125,130,109),(832,32,1,'Field 5',25,144,197,115,125,110),(833,39,1,'Field 5',19,118,197,125,144,111),(834,35,1,'Field 5',25,130,197,137,115,112),(835,37,1,'Field 5',23,115,197,125,118,113),(836,36,1,'Field 5',18,144,197,137,125,114),(837,28,1,'Field 5',31,118,197,130,144,115),(838,30,1,'Field 5',29,137,197,115,130,116),(839,20,1,'Field 5',36,125,197,130,137,117),(840,21,1,'Field 5',27,144,197,118,125,118),(841,26,1,'Field 5',23,115,197,130,118,119),(842,23,1,'Field 5',35,137,197,118,130,120),(843,20,1,'Field 5',45,125,197,144,137,121),(844,23,1,'Field 6',30,132,198,123,129,107),(845,26,1,'Field 6',29,127,198,129,132,108),(846,20,1,'Field 6',29,139,198,135,127,109),(847,40,1,'Field 6',14,129,198,132,135,110),(848,14,1,'Field 6',24,123,198,135,129,111),(849,31,1,'Field 6',27,127,198,139,132,112),(850,17,1,'Field 6',34,132,198,135,123,113),(851,32,1,'Field 6',23,129,198,139,135,114),(852,NULL,0,'Field 6',NULL,123,198,127,129,115),(853,45,1,'Field 6',12,139,198,132,127,116),(854,26,1,'Field 6',19,135,198,127,139,117),(855,23,1,'Field 6',27,129,198,123,135,118),(856,23,1,'Field 6',31,132,198,127,123,119),(857,18,1,'Field 6',30,139,198,123,127,120),(858,27,1,'Field 6',18,135,198,129,139,121),(859,28,1,'Field 7',27,145,199,140,111,107),(860,23,1,'Field 7',30,120,199,111,145,108),(861,22,1,'Field 7',30,133,199,108,120,109),(862,31,1,'Field 7',31,111,199,145,108,110),(863,26,1,'Field 7',32,140,199,108,111,111),(864,38,1,'Field 7',21,120,199,133,145,112),(865,27,1,'Field 7',30,145,199,108,140,113),(866,36,1,'Field 7',17,111,199,133,108,114),(867,28,1,'Field 7',32,140,199,120,111,115),(868,19,1,'Field 7',38,133,199,145,120,116),(869,22,1,'Field 7',30,108,199,120,133,117),(870,36,1,'Field 7',18,111,199,140,108,118),(871,29,1,'Field 7',28,145,199,120,140,119),(872,32,1,'Field 7',25,133,199,140,120,120),(873,25,1,'Field 7',30,108,199,111,133,121),(874,34,1,'Field 8',26,143,200,101,147,107),(875,32,1,'Field 8',24,138,200,147,143,108),(876,28,1,'Field 8',33,134,200,141,138,109),(877,19,1,'Field 8',22,147,200,143,141,110),(878,28,1,'Field 8',32,101,200,141,147,111),(879,39,1,'Field 8',24,138,200,134,143,112),(880,41,1,'Field 8',19,143,200,141,101,113),(881,24,1,'Field 8',26,147,200,134,141,114),(882,22,1,'Field 8',32,101,200,138,147,115),(883,24,1,'Field 8',28,134,200,143,138,116),(884,29,1,'Field 8',27,141,200,138,134,117),(885,34,1,'Field 8',18,147,200,101,141,118),(886,21,1,'Field 8',10,143,200,138,101,119),(887,29,1,'Field 8',31,134,200,101,138,120),(888,24,1,'Field 8',32,141,200,147,134,121),(985,29,1,'Field 1',19,169,233,170,174,123),(986,21,1,'Field 1',25,174,233,169,170,125),(987,13,1,'Field 1',32,170,233,174,169,127),(988,34,1,'Field 2',14,173,234,151,175,123),(989,NULL,0,'Field 2',NULL,175,234,173,151,125),(990,NULL,0,'Field 2',NULL,151,234,175,173,127),(991,26,1,'Field 3',27,176,235,153,191,123),(992,22,1,'Field 3',33,191,235,176,153,125),(993,27,1,'Field 3',21,153,235,191,176,127),(994,NULL,0,'Field 4',NULL,184,236,154,187,123),(995,32,1,'Field 4',21,187,236,184,154,125),(996,NULL,0,'Field 4',NULL,154,236,187,184,127),(997,27,1,'Field 5',29,190,237,155,188,123),(998,32,1,'Field 5',15,188,237,190,155,125),(999,23,1,'Field 5',24,155,237,188,190,127),(1000,30,1,'Field 6',33,150,238,160,196,123),(1001,39,1,'Field 6',15,196,238,150,160,125),(1002,13,1,'Field 6',37,160,238,196,150,127),(1003,22,1,'Field 7',31,162,239,161,149,123),(1004,30,1,'Field 7',25,149,239,162,161,125),(1005,25,1,'Field 7',25,161,239,149,162,127),(1006,21,1,'Field 8',26,166,240,168,163,123),(1007,NULL,0,'Field 8',NULL,163,240,166,168,125),(1008,NULL,0,'Field 8',NULL,168,240,163,166,127),(1009,41,1,'Field 1',16,178,241,172,171,124),(1010,33,1,'Field 1',26,171,241,178,172,126),(1011,14,1,'Field 1',43,172,241,171,178,128),(1012,16,1,'Field 2',38,192,242,179,177,124),(1013,34,1,'Field 2',27,177,242,192,179,126),(1014,30,1,'Field 2',20,179,242,177,192,128),(1015,7,1,'Field 3',33,195,243,180,183,124),(1016,43,1,'Field 3',23,183,243,195,180,126),(1017,26,1,'Field 3',26,180,243,183,195,128),(1018,23,1,'Field 4',19,164,244,182,189,124),(1019,18,1,'Field 4',27,189,244,164,182,126),(1020,29,1,'Field 4',14,182,244,189,164,128),(1021,30,1,'Field 5',30,181,245,197,193,124),(1022,41,1,'Field 5',13,193,245,181,197,126),(1023,21,1,'Field 5',37,197,245,193,181,128),(1024,26,1,'Field 6',37,185,246,157,152,124),(1025,33,1,'Field 6',22,152,246,185,157,126),(1026,29,1,'Field 6',23,157,246,152,185,128),(1027,26,1,'Field 7',36,194,247,159,156,124),(1028,36,1,'Field 7',13,156,247,194,159,126),(1029,18,1,'Field 7',31,159,247,156,194,128),(1030,18,1,'Field 8',48,186,248,167,158,124),(1031,40,1,'Field 8',20,158,248,186,167,126),(1032,29,1,'Field 8',28,167,248,158,186,128),(1393,17,1,'Field 1',32,176,273,169,153,129),(1394,21,1,'Field 1',38,149,273,153,176,130),(1395,18,1,'Field 1',29,161,273,188,149,131),(1396,19,1,'Field 1',31,153,273,176,188,132),(1397,25,1,'Field 1',18,169,273,188,153,133),(1398,24,1,'Field 1',29,149,273,161,176,134),(1399,17,1,'Field 1',30,176,273,188,169,135),(1400,28,1,'Field 1',23,153,273,161,188,136),(1401,31,1,'Field 1',14,169,273,149,153,137),(1402,21,1,'Field 1',29,161,273,176,149,138),(1403,32,1,'Field 1',19,188,273,149,161,139),(1404,16,1,'Field 1',27,153,273,169,188,140),(1405,29,1,'Field 1',23,176,273,149,169,141),(1406,18,1,'Field 1',32,161,273,169,149,142),(1407,29,1,'Field 1',21,188,273,153,161,143),(1408,19,1,'Field 2',25,155,274,173,187,129),(1409,25,1,'Field 2',16,174,274,187,155,130),(1410,16,1,'Field 2',19,168,274,196,174,131),(1411,30,1,'Field 2',24,187,274,155,196,132),(1412,21,1,'Field 2',28,173,274,196,187,133),(1413,31,1,'Field 2',19,174,274,168,155,134),(1414,19,1,'Field 2',32,155,274,196,173,135),(1415,22,1,'Field 2',18,187,274,168,196,136),(1416,21,1,'Field 2',24,173,274,174,187,137),(1417,23,1,'Field 2',24,168,274,155,174,138),(1418,21,1,'Field 2',18,196,274,174,168,139),(1419,18,1,'Field 2',25,187,274,173,196,140),(1420,18,1,'Field 2',27,155,274,174,173,141),(1421,23,1,'Field 2',21,168,274,173,174,142),(1422,29,1,'Field 2',20,196,274,187,168,143),(1423,0,1,'Field 3',10,163,275,170,191,129),(1424,26,1,'Field 3',21,160,275,191,163,130),(1425,15,1,'Field 3',27,162,275,190,160,131),(1426,10,1,'Field 3',0,191,275,163,190,132),(1427,25,1,'Field 3',18,170,275,190,191,133),(1428,19,1,'Field 3',27,160,275,162,163,134),(1429,0,1,'Field 3',10,163,275,190,170,135),(1430,16,1,'Field 3',23,191,275,162,190,136),(1431,23,1,'Field 3',22,170,275,160,191,137),(1432,10,1,'Field 3',0,162,275,163,160,138),(1433,20,1,'Field 3',17,190,275,160,162,139),(1434,19,1,'Field 3',24,191,275,170,190,140),(1435,0,1,'Field 3',10,163,275,160,170,141),(1436,10,1,'Field 3',30,162,275,170,160,142),(1437,25,1,'Field 3',22,190,275,191,162,143),(1438,0,1,'Field 4',10,154,276,151,184,129),(1439,0,1,'Field 4',10,175,276,184,154,130),(1440,22,1,'Field 4',25,166,276,150,175,131),(1441,10,1,'Field 4',0,184,276,154,150,132),(1442,24,1,'Field 4',27,151,276,150,184,133),(1443,NULL,0,'Field 4',NULL,175,276,166,154,134),(1444,0,1,'Field 4',10,154,276,150,151,135),(1445,25,1,'Field 4',21,184,276,166,150,136),(1446,10,1,'Field 4',0,151,276,175,184,137),(1447,10,1,'Field 4',0,166,276,154,175,138),(1448,10,1,'Field 4',0,150,276,175,166,139),(1449,22,1,'Field 4',26,184,276,151,150,140),(1450,0,1,'Field 4',0,154,276,175,151,141),(1451,25,1,'Field 4',23,166,276,151,175,142),(1452,21,1,'Field 4',34,150,276,184,166,143),(1453,20,1,'Field 5',32,178,277,171,180,129),(1454,16,1,'Field 5',19,183,277,180,178,130),(1455,19,1,'Field 5',27,156,277,193,183,131),(1456,10,1,'Field 5',0,180,277,178,193,132),(1457,30,1,'Field 5',24,171,277,193,180,133),(1458,21,1,'Field 5',20,183,277,156,178,134),(1459,0,1,'Field 5',10,178,277,193,171,135),(1460,21,1,'Field 5',31,180,277,156,193,136),(1461,26,1,'Field 5',19,171,277,183,180,137),(1462,10,1,'Field 5',0,156,277,178,183,138),(1463,38,1,'Field 5',22,193,277,183,156,139),(1464,23,1,'Field 5',29,180,277,171,193,140),(1465,0,1,'Field 5',10,178,277,183,171,141),(1466,20,1,'Field 5',31,156,277,171,183,142),(1467,38,1,'Field 5',13,193,277,180,156,143),(1468,25,1,'Field 6',24,182,278,179,164,129),(1469,23,1,'Field 6',20,158,278,164,182,130),(1470,28,1,'Field 6',20,167,278,157,158,131),(1471,22,1,'Field 6',16,164,278,182,157,132),(1472,29,1,'Field 6',11,179,278,157,164,133),(1473,30,1,'Field 6',21,158,278,167,182,134),(1474,37,1,'Field 6',16,182,278,157,179,135),(1475,25,1,'Field 6',11,164,278,167,157,136),(1476,22,1,'Field 6',24,179,278,158,164,137),(1477,25,1,'Field 6',27,167,278,182,158,138),(1478,21,1,'Field 6',25,157,278,158,167,139),(1479,19,1,'Field 6',22,164,278,179,157,140),(1480,25,1,'Field 6',25,182,278,158,179,141),(1481,18,1,'Field 6',31,167,278,179,158,142),(1482,17,1,'Field 6',27,157,278,164,167,143),(1483,28,1,'Field 7',34,159,279,172,195,129),(1484,29,1,'Field 7',27,152,279,195,159,130),(1485,35,1,'Field 7',33,194,279,181,152,131),(1486,25,1,'Field 7',30,195,279,159,181,132),(1487,39,1,'Field 7',24,172,279,181,195,133),(1488,35,1,'Field 7',25,152,279,194,159,134),(1489,38,1,'Field 7',32,159,279,181,172,135),(1490,39,1,'Field 7',25,195,279,194,181,136),(1491,32,1,'Field 7',29,172,279,152,195,137),(1492,37,1,'Field 7',19,194,279,159,152,138),(1493,21,1,'Field 7',45,181,279,152,194,139),(1494,21,1,'Field 7',39,195,279,172,181,140),(1495,19,1,'Field 7',43,159,279,152,172,141),(1496,32,1,'Field 7',23,194,279,172,152,142),(1497,25,1,'Field 7',44,181,279,195,194,143),(1498,30,1,'Field 8',28,197,280,192,189,129),(1499,19,1,'Field 8',32,177,280,189,197,130),(1500,21,1,'Field 8',36,186,280,185,177,131),(1501,34,1,'Field 8',26,189,280,197,185,132),(1502,30,1,'Field 8',22,192,280,185,189,133),(1503,31,1,'Field 8',25,177,280,186,197,134),(1504,28,1,'Field 8',29,197,280,185,192,135),(1505,31,1,'Field 8',16,189,280,186,185,136),(1506,24,1,'Field 8',27,192,280,177,189,137),(1507,0,1,'Field 8',10,186,280,197,177,138),(1508,24,1,'Field 8',31,185,280,177,186,139),(1509,34,1,'Field 8',10,189,280,192,185,140),(1510,31,1,'Field 8',21,197,280,177,192,141),(1511,0,1,'Field 8',10,186,280,192,177,142),(1512,18,1,'Field 8',33,185,280,189,186,143),(2052,17,1,'Field 1',39,2037,2051,2027,2014,26),(2053,31,1,'Field 1',22,2014,2051,2037,2027,28),(2054,28,1,'Field 1',25,2027,2051,2014,2037,31),(2059,22,1,'Field 2',31,2040,2058,2035,2046,26),(2060,26,1,'Field 2',28,2046,2058,2040,2035,28),(2061,24,1,'Field 2',27,2035,2058,2046,2040,31),(2066,29,1,'Field 3',27,2048,2065,2013,2015,26),(2067,28,1,'Field 3',23,2015,2065,2048,2013,28),(2068,21,1,'Field 3',35,2013,2065,2015,2048,31),(2073,29,1,'Field 4',30,2004,2072,2016,2022,26),(2074,30,1,'Field 4',19,2022,2072,2004,2016,28),(2075,19,1,'Field 4',28,2016,2072,2022,2004,31),(2080,39,1,'Field 5',19,2006,2079,2020,2025,26),(2081,27,1,'Field 5',26,2025,2079,2006,2020,28),(2082,25,1,'Field 5',35,2020,2079,2025,2006,31),(2087,26,1,'Field 6',33,2007,2086,2024,49,26),(2088,35,1,'Field 6',17,49,2086,2007,2024,28),(2089,18,1,'Field 6',34,2024,2086,49,2007,31),(2094,11,1,'Field 7',25,2011,2093,2033,2008,26),(2095,29,1,'Field 7',14,2008,2093,2011,2033,28),(2096,26,1,'Field 7',22,2033,2093,2008,2011,31),(2101,24,1,'Field 8',33,2026,2100,2036,2021,26),(2102,28,1,'Field 8',20,2021,2100,2026,2036,28),(2103,23,1,'Field 8',26,2036,2100,2021,2026,31),(2108,19,1,'Field 1',26,2019,2107,2041,2028,27),(2109,28,1,'Field 1',21,2028,2107,2019,2041,30),(2110,32,1,'Field 1',24,2041,2107,2028,2019,32),(2115,21,1,'Field 2',44,2029,2114,2042,2030,27),(2116,48,1,'Field 2',15,2030,2114,2029,2042,30),(2117,21,1,'Field 2',43,2042,2114,2030,2029,32),(2122,27,1,'Field 3',27,2031,2121,50,2043,27),(2123,32,1,'Field 3',20,2043,2121,2031,50,30),(2124,21,1,'Field 3',33,50,2121,2043,2031,32),(2129,28,1,'Field 4',31,2003,2128,2005,2044,27),(2130,37,1,'Field 4',20,2044,2128,2003,2005,30),(2131,29,1,'Field 4',34,2005,2128,2044,2003,32),(2136,22,1,'Field 5',34,2038,2135,2009,2045,27),(2137,32,1,'Field 5',13,2045,2135,2038,2009,30),(2138,24,1,'Field 5',33,2009,2135,2045,2038,32),(2143,36,1,'Field 6',25,2032,2142,2010,2049,27),(2144,36,1,'Field 6',22,2049,2142,2032,2010,30),(2145,17,1,'Field 6',42,2010,2142,2049,2032,32),(2150,8,1,'Field 7',43,2039,2149,2012,2023,27),(2151,50,1,'Field 7',14,2023,2149,2039,2012,30),(2152,30,1,'Field 7',22,2012,2149,2023,2039,32),(2157,18,1,'Field 8',33,2047,2156,2018,2034,27),(2158,33,1,'Field 8',20,2034,2156,2047,2018,30),(2159,29,1,'Field 8',22,2018,2156,2034,2047,32),(2165,29,1,'Field 1',25,2014,2164,2027,2015,33),(2166,22,1,'Field 1',32,2006,2164,2015,2014,34),(2167,30,1,'Field 1',26,2033,2164,2025,2006,35),(2168,21,1,'Field 1',32,2015,2164,2014,2025,36),(2169,35,1,'Field 1',17,2027,2164,2025,2015,37),(2170,17,1,'Field 1',29,2006,2164,2033,2014,38),(2171,29,1,'Field 1',21,2014,2164,2025,2027,39),(2172,21,1,'Field 1',21,2015,2164,2033,2025,40),(2173,26,1,'Field 1',26,2027,2164,2006,2015,41),(2174,18,1,'Field 1',29,2033,2164,2014,2006,42),(2175,26,1,'Field 1',23,2025,2164,2006,2033,43),(2176,28,1,'Field 1',20,2015,2164,2027,2025,44),(2177,32,1,'Field 1',17,2014,2164,2006,2027,45),(2178,21,1,'Field 1',25,2033,2164,2027,2006,46),(2179,21,1,'Field 1',35,2025,2164,2015,2033,47),(2187,11,1,'Field 2',36,2036,2186,2035,2022,33),(2188,14,1,'Field 2',26,2008,2186,2022,2036,34),(2189,22,1,'Field 2',25,2021,2186,49,2008,35),(2190,31,1,'Field 2',19,2022,2186,2036,49,36),(2191,26,1,'Field 2',19,2035,2186,49,2022,37),(2192,21,1,'Field 2',28,2008,2186,2021,2036,38),(2193,19,1,'Field 2',23,2036,2186,49,2035,39),(2194,29,1,'Field 2',19,2022,2186,2021,49,40),(2195,31,1,'Field 2',16,2035,2186,2008,2022,41),(2196,25,1,'Field 2',19,2021,2186,2036,2008,42),(2197,31,1,'Field 2',17,49,2186,2008,2021,43),(2198,20,1,'Field 2',23,2022,2186,2035,49,44),(2199,22,1,'Field 2',26,2036,2186,2008,2035,45),(2200,17,1,'Field 2',28,2021,2186,2035,2008,46),(2201,20,1,'Field 2',25,49,2186,2022,2021,47),(2209,30,1,'Field 3',24,2016,2208,2037,2013,33),(2210,39,1,'Field 3',15,2046,2208,2013,2016,34),(2211,23,1,'Field 3',25,2011,2208,2020,2046,35),(2212,14,1,'Field 3',33,2013,2208,2016,2020,36),(2213,27,1,'Field 3',26,2037,2208,2020,2013,37),(2214,31,1,'Field 3',21,2046,2208,2011,2016,38),(2215,25,1,'Field 3',25,2016,2208,2020,2037,39),(2216,24,1,'Field 3',31,2013,2208,2011,2020,40),(2217,13,1,'Field 3',40,2037,2208,2046,2013,41),(2218,17,1,'Field 3',34,2011,2208,2016,2046,42),(2219,16,1,'Field 3',32,2020,2208,2046,2011,43),(2220,33,1,'Field 3',22,2013,2208,2037,2020,44),(2221,20,1,'Field 3',30,2016,2208,2046,2037,45),(2222,28,1,'Field 3',25,2011,2208,2037,2046,46),(2223,20,1,'Field 3',26,2020,2208,2013,2011,47),(2231,18,1,'Field 4',32,2024,2230,2040,2004,33),(2232,28,1,'Field 4',21,2048,2230,2004,2024,34),(2233,28,1,'Field 4',27,2026,2230,2007,2048,35),(2234,24,1,'Field 4',21,2004,2230,2024,2007,36),(2235,35,1,'Field 4',25,2040,2230,2007,2004,37),(2236,30,1,'Field 4',18,2048,2230,2026,2024,38),(2237,26,1,'Field 4',28,2024,2230,2007,2040,39),(2238,27,1,'Field 4',18,2004,2230,2026,2007,40),(2239,32,1,'Field 4',16,2040,2230,2048,2004,41),(2240,24,1,'Field 4',33,2026,2230,2024,2048,42),(2241,23,1,'Field 4',30,2007,2230,2048,2026,43),(2242,11,1,'Field 4',38,2004,2230,2040,2007,44),(2243,22,1,'Field 4',28,2024,2230,2048,2040,45),(2244,17,1,'Field 4',36,2026,2230,2040,2048,46),(2245,19,1,'Field 4',39,2007,2230,2004,2026,47),(2253,21,1,'Field 5',20,2009,2252,2041,2043,33),(2254,21,1,'Field 5',24,2023,2252,2043,2009,34),(2255,23,1,'Field 5',26,2012,2252,2045,2023,35),(2256,24,1,'Field 5',30,2043,2252,2009,2045,36),(2257,24,1,'Field 5',21,2041,2252,2045,2043,37),(2258,25,1,'Field 5',25,2023,2252,2012,2009,38),(2259,26,1,'Field 5',27,2009,2252,2045,2041,39),(2260,23,1,'Field 5',30,2043,2252,2012,2045,40),(2261,21,1,'Field 5',19,2041,2252,2023,2043,41),(2262,30,1,'Field 5',24,2012,2252,2009,2023,42),(2263,23,1,'Field 5',34,2045,2252,2023,2012,43),(2264,27,1,'Field 5',24,2043,2252,2041,2045,44),(2265,17,1,'Field 5',26,2009,2252,2023,2041,45),(2266,31,1,'Field 5',19,2012,2252,2041,2023,46),(2267,31,1,'Field 5',24,2045,2252,2043,2012,47),(2275,15,1,'Field 6',48,2042,2274,2030,2044,33),(2276,31,1,'Field 6',25,2034,2274,2044,2042,34),(2277,21,1,'Field 6',21,2018,2274,2049,2034,35),(2278,37,1,'Field 6',19,2044,2274,2042,2049,36),(2279,26,1,'Field 6',23,2030,2274,2049,2044,37),(2280,20,1,'Field 6',27,2034,2274,2018,2042,38),(2281,19,1,'Field 6',39,2042,2274,2049,2030,39),(2282,20,1,'Field 6',27,2044,2274,2018,2049,40),(2283,32,1,'Field 6',21,2030,2274,2034,2044,41),(2284,36,1,'Field 6',19,2018,2274,2042,2034,42),(2285,26,1,'Field 6',22,2049,2274,2034,2018,43),(2286,18,1,'Field 6',39,2044,2274,2030,2049,44),(2287,26,1,'Field 6',31,2042,2274,2034,2030,45),(2288,23,1,'Field 6',24,2018,2274,2030,2034,46),(2289,23,1,'Field 6',28,2049,2274,2044,2018,47),(2297,28,1,'Field 7',25,2032,2296,2019,2031,33),(2298,25,1,'Field 7',26,2028,2296,2031,2032,34),(2299,21,1,'Field 7',34,2039,2296,2038,2028,35),(2300,17,1,'Field 7',27,2031,2296,2032,2038,36),(2301,23,1,'Field 7',29,2019,2296,2038,2031,37),(2302,42,1,'Field 7',17,2028,2296,2039,2032,38),(2303,35,1,'Field 7',19,2032,2296,2038,2019,39),(2304,32,1,'Field 7',26,2031,2296,2039,2038,40),(2305,26,1,'Field 7',33,2019,2296,2028,2031,41),(2306,20,1,'Field 7',33,2039,2296,2032,2028,42),(2307,23,1,'Field 7',33,2038,2296,2028,2039,43),(2308,24,1,'Field 7',31,2031,2296,2019,2038,44),(2309,37,1,'Field 7',20,2032,2296,2028,2019,45),(2310,21,1,'Field 7',19,2039,2296,2019,2028,46),(2311,30,1,'Field 7',21,2038,2296,2031,2039,47),(2319,49,1,'Field 8',19,50,2318,2029,2003,33),(2320,32,1,'Field 8',28,2005,2318,2003,50,34),(2321,33,1,'Field 8',24,2047,2318,2010,2005,35),(2322,22,1,'Field 8',37,2003,2318,50,2010,36),(2323,31,1,'Field 8',46,2029,2318,2010,2003,37),(2324,31,1,'Field 8',24,2005,2318,2047,50,38),(2325,33,1,'Field 8',21,50,2318,2010,2029,39),(2326,28,1,'Field 8',30,2003,2318,2047,2010,40),(2327,25,1,'Field 8',37,2029,2318,2005,2003,41),(2328,25,1,'Field 8',30,2047,2318,50,2005,42),(2329,22,1,'Field 8',39,2010,2318,2005,2047,43),(2330,42,1,'Field 8',20,2003,2318,2029,2010,44),(2331,26,1,'Field 8',33,50,2318,2005,2029,45),(2332,32,1,'Field 8',21,2047,2318,2029,2005,46),(2333,0,1,'Field 8',25,2010,2318,2003,2047,47),(2568,24,1,'Field 1',31,2403,2567,2428,2410,2379),(2569,36,1,'Field 1',15,2410,2567,2403,2428,2381),(2570,18,1,'Field 1',27,2428,2567,2410,2403,2383),(2575,22,1,'Field 2',36,2409,2574,2440,2425,2379),(2576,27,1,'Field 2',26,2425,2574,2409,2440,2381),(2577,28,1,'Field 2',21,2440,2574,2425,2409,2383),(2582,20,1,'Field 3',34,2416,2581,2441,2419,2379),(2583,32,1,'Field 3',19,2419,2581,2416,2441,2381),(2584,20,1,'Field 3',24,2441,2581,2419,2416,2383),(2589,28,1,'Field 4',22,2427,2588,2413,2424,2379),(2590,32,1,'Field 4',22,2424,2588,2427,2413,2381),(2591,18,1,'Field 4',28,2413,2588,2424,2427,2383),(2596,27,1,'Field 5',28,2429,2595,2414,2443,2379),(2597,22,1,'Field 5',24,2443,2595,2429,2414,2381),(2598,22,1,'Field 5',31,2414,2595,2443,2429,2383),(2603,29,1,'Field 6',24,2433,2602,2417,2401,2379),(2604,32,1,'Field 6',15,2401,2602,2433,2417,2381),(2605,21,1,'Field 6',20,2417,2602,2401,2433,2383),(2610,22,1,'Field 7',35,2434,2609,2432,2418,2379),(2611,37,1,'Field 7',15,2418,2609,2434,2432,2381),(2612,25,1,'Field 7',23,2432,2609,2418,2434,2383),(2617,22,1,'Field 8',36,2435,2616,2437,2422,2379),(2618,20,1,'Field 8',31,2422,2616,2435,2437,2381),(2619,27,1,'Field 8',25,2437,2616,2422,2435,2383),(2624,30,1,'Field 1',29,2421,2623,2411,2442,2380),(2625,26,1,'Field 1',19,2442,2623,2421,2411,2382),(2626,17,1,'Field 1',36,2411,2623,2442,2421,2384),(2631,37,1,'Field 2',21,2423,2630,2431,2447,2380),(2632,28,1,'Field 2',24,2447,2630,2423,2431,2382),(2633,10,1,'Field 2',41,2431,2630,2447,2423,2384),(2638,43,1,'Field 3',11,2436,2637,2446,2449,2380),(2639,18,1,'Field 3',33,2449,2637,2436,2446,2382),(2640,27,1,'Field 3',32,2446,2637,2449,2436,2384),(2645,27,1,'Field 4',29,2438,2644,2404,2406,2380),(2646,30,1,'Field 4',25,2406,2644,2438,2404,2382),(2647,31,1,'Field 4',20,2404,2644,2406,2438,2384),(2652,23,1,'Field 5',30,2450,2651,2405,2412,2380),(2653,26,1,'Field 5',22,2412,2651,2450,2405,2382),(2654,19,1,'Field 5',36,2405,2651,2412,2450,2384),(2659,21,1,'Field 6',44,2451,2658,2408,2430,2380),(2660,40,1,'Field 6',13,2430,2658,2451,2408,2382),(2661,19,1,'Field 6',36,2408,2658,2430,2451,2384),(2666,12,1,'Field 7',31,2426,2665,2415,2439,2380),(2667,42,1,'Field 7',11,2439,2665,2426,2415,2382),(2668,25,1,'Field 7',19,2415,2665,2439,2426,2384),(2673,0,1,'Field 8',15,2444,2672,2420,2407,2380),(2674,15,1,'Field 8',0,2407,2672,2444,2420,2382),(2675,20,1,'Field 8',29,2420,2672,2407,2444,2384),(2681,15,1,'Field 1',39,2429,2680,2410,2419,2385),(2682,19,1,'Field 1',19,2418,2680,2419,2429,2386),(2683,24,1,'Field 1',30,2432,2680,2443,2418,2387),(2684,25,1,'Field 1',22,2419,2680,2429,2443,2388),(2685,27,1,'Field 1',18,2410,2680,2443,2419,2389),(2686,33,1,'Field 1',18,2418,2680,2432,2429,2390),(2687,17,1,'Field 1',32,2429,2680,2443,2410,2391),(2688,32,1,'Field 1',19,2419,2680,2432,2443,2392),(2689,27,1,'Field 1',19,2410,2680,2418,2419,2393),(2690,31,1,'Field 1',22,2432,2680,2429,2418,2394),(2691,26,1,'Field 1',24,2443,2680,2418,2432,2395),(2692,14,1,'Field 1',32,2419,2680,2410,2443,2396),(2693,23,1,'Field 1',29,2429,2680,2418,2410,2397),(2694,12,1,'Field 1',31,2432,2680,2410,2418,2398),(2695,21,1,'Field 1',27,2443,2680,2419,2432,2399),(2703,22,1,'Field 2',32,2428,2702,2440,2424,2385),(2704,24,1,'Field 2',26,2441,2702,2424,2428,2386),(2705,17,1,'Field 2',21,2437,2702,2401,2441,2387),(2706,31,1,'Field 2',16,2424,2702,2428,2401,2388),(2707,26,1,'Field 2',18,2440,2702,2401,2424,2389),(2708,21,1,'Field 2',23,2441,2702,2437,2428,2390),(2709,13,1,'Field 2',39,2428,2702,2401,2440,2391),(2710,27,1,'Field 2',21,2424,2702,2437,2401,2392),(2711,22,1,'Field 2',24,2440,2702,2441,2424,2393),(2712,26,1,'Field 2',23,2437,2702,2428,2441,2394),(2713,21,1,'Field 2',19,2401,2702,2441,2437,2395),(2714,25,1,'Field 2',27,2424,2702,2440,2401,2396),(2715,26,1,'Field 2',26,2428,2702,2441,2440,2397),(2716,19,1,'Field 2',20,2437,2702,2440,2441,2398),(2717,19,1,'Field 2',26,2401,2702,2424,2437,2399),(2725,13,1,'Field 3',28,2417,2724,2403,2416,2385),(2726,30,1,'Field 3',17,2435,2724,2416,2417,2386),(2727,6,1,'Field 3',47,2434,2724,2414,2435,2387),(2728,23,1,'Field 3',29,2416,2724,2417,2414,2388),(2729,19,1,'Field 3',27,2403,2724,2414,2416,2389),(2730,39,1,'Field 3',25,2435,2724,2434,2417,2390),(2731,18,1,'Field 3',25,2417,2724,2414,2403,2391),(2732,29,1,'Field 3',18,2416,2724,2434,2414,2392),(2733,26,1,'Field 3',22,2403,2724,2435,2416,2393),(2734,18,1,'Field 3',33,2434,2724,2417,2435,2394),(2735,38,1,'Field 3',16,2414,2724,2435,2434,2395),(2736,23,1,'Field 3',27,2416,2724,2403,2414,2396),(2737,26,1,'Field 3',25,2417,2724,2435,2403,2397),(2738,19,1,'Field 3',28,2434,2724,2403,2435,2398),(2739,32,1,'Field 3',18,2414,2724,2416,2434,2399),(2747,28,1,'Field 4',24,2425,2746,2409,2413,2385),(2748,19,1,'Field 4',23,2427,2746,2413,2425,2386),(2749,27,1,'Field 4',20,2422,2746,2433,2427,2387),(2750,23,1,'Field 4',22,2413,2746,2425,2433,2388),(2751,22,1,'Field 4',26,2409,2746,2433,2413,2389),(2752,23,1,'Field 4',26,2427,2746,2422,2425,2390),(2753,32,1,'Field 4',23,2425,2746,2433,2409,2391),(2754,21,1,'Field 4',25,2413,2746,2422,2433,2392),(2755,23,1,'Field 4',24,2409,2746,2427,2413,2393),(2756,27,1,'Field 4',30,2422,2746,2425,2427,2394),(2757,30,1,'Field 4',29,2433,2746,2427,2422,2395),(2758,24,1,'Field 4',24,2413,2746,2409,2433,2396),(2759,27,1,'Field 4',27,2425,2746,2427,2409,2397),(2760,22,1,'Field 4',21,2422,2746,2409,2427,2398),(2761,28,1,'Field 4',29,2433,2746,2413,2422,2399),(2769,13,1,'Field 5',35,2420,2768,2442,2436,2385),(2770,20,1,'Field 5',25,2439,2768,2436,2420,2386),(2771,14,1,'Field 5',30,2415,2768,2412,2439,2387),(2772,38,1,'Field 5',15,2436,2768,2420,2412,2388),(2773,20,1,'Field 5',24,2442,2768,2412,2436,2389),(2774,30,1,'Field 5',19,2439,2768,2415,2420,2390),(2775,10,1,'Field 5',41,2420,2768,2412,2442,2391),(2776,33,1,'Field 5',17,2436,2768,2415,2412,2392),(2777,21,1,'Field 5',26,2442,2768,2439,2436,2393),(2778,33,1,'Field 5',18,2415,2768,2420,2439,2394),(2779,36,1,'Field 5',13,2412,2768,2439,2415,2395),(2780,29,1,'Field 5',16,2436,2768,2442,2412,2396),(2781,18,1,'Field 5',39,2420,2768,2439,2442,2397),(2782,19,1,'Field 5',17,2415,2768,2442,2439,2398),(2783,20,1,'Field 5',26,2412,2768,2436,2415,2399),(2791,26,1,'Field 6',31,2408,2790,2447,2404,2385),(2792,21,1,'Field 6',23,2423,2790,2404,2408,2386),(2793,0,1,'Field 6',25,2407,2790,2430,2423,2387),(2794,31,1,'Field 6',23,2404,2790,2408,2430,2388),(2795,20,1,'Field 6',27,2447,2790,2430,2404,2389),(2796,25,1,'Field 6',0,2423,2790,2407,2408,2390),(2797,20,1,'Field 6',35,2408,2790,2430,2447,2391),(2798,25,1,'Field 6',0,2404,2790,2407,2430,2392),(2799,29,1,'Field 6',19,2447,2790,2423,2404,2393),(2800,0,1,'Field 6',25,2407,2790,2408,2423,2394),(2801,27,1,'Field 6',22,2430,2790,2423,2407,2395),(2802,21,1,'Field 6',28,2404,2790,2447,2430,2396),(2803,24,1,'Field 6',25,2408,2790,2423,2447,2397),(2804,0,1,'Field 6',25,2407,2790,2447,2423,2398),(2805,29,1,'Field 6',19,2430,2790,2404,2407,2399),(2813,29,1,'Field 7',22,2449,2812,2411,2446,2385),(2814,26,1,'Field 7',16,2406,2812,2446,2449,2386),(2815,0,1,'Field 7',25,2426,2812,2450,2406,2387),(2816,40,1,'Field 7',21,2446,2812,2449,2450,2388),(2817,36,1,'Field 7',24,2411,2812,2450,2446,2389),(2818,25,1,'Field 7',0,2406,2812,2426,2449,2390),(2819,22,1,'Field 7',28,2449,2812,2450,2411,2391),(2820,25,1,'Field 7',0,2446,2812,2426,2450,2392),(2821,22,1,'Field 7',23,2411,2812,2406,2446,2393),(2822,0,1,'Field 7',25,2426,2812,2449,2406,2394),(2823,29,1,'Field 7',18,2450,2812,2406,2426,2395),(2824,29,1,'Field 7',33,2446,2812,2411,2450,2396),(2825,27,1,'Field 7',15,2449,2812,2406,2411,2397),(2826,0,1,'Field 7',25,2426,2812,2411,2406,2398),(2827,39,1,'Field 7',19,2450,2812,2446,2426,2399),(2835,45,1,'Field 8',23,2405,2834,2431,2438,2385),(2836,24,1,'Field 8',32,2421,2834,2438,2405,2386),(2837,0,1,'Field 8',25,2444,2834,2451,2421,2387),(2838,27,1,'Field 8',32,2438,2834,2405,2451,2388),(2839,29,1,'Field 8',32,2431,2834,2451,2438,2389),(2840,25,1,'Field 8',0,2421,2834,2444,2405,2390),(2841,42,1,'Field 8',17,2405,2834,2451,2431,2391),(2842,25,1,'Field 8',0,2438,2834,2444,2451,2392),(2843,27,1,'Field 8',29,2431,2834,2421,2438,2393),(2844,0,1,'Field 8',25,2444,2834,2405,2421,2394),(2845,19,1,'Field 8',33,2451,2834,2421,2444,2395),(2846,41,1,'Field 8',19,2438,2834,2431,2451,2396),(2847,39,1,'Field 8',17,2405,2834,2421,2431,2397),(2848,0,1,'Field 8',25,2444,2834,2431,2421,2398),(2849,25,1,'Field 8',38,2451,2834,2438,2444,2399),(4391,26,1,'Field 1',24,4366,4390,4363,4341,4320),(4392,27,1,'Field 1',25,4341,4390,4366,4363,4322),(4393,22,1,'Field 1',24,4363,4390,4341,4366,4324),(4398,10,1,'Field 2',37,4372,4397,4365,4348,4320),(4399,35,1,'Field 2',16,4348,4397,4372,4365,4322),(4400,26,1,'Field 2',22,4365,4397,4348,4372,4324),(4405,30,1,'Field 3',18,4373,4404,4371,4368,4320),(4406,27,1,'Field 3',21,4368,4404,4373,4371,4322),(4407,26,1,'Field 3',27,4371,4404,4368,4373,4324),(4412,25,1,'Field 4',30,4377,4411,4380,4378,4320),(4413,32,1,'Field 4',18,4378,4411,4377,4380,4322),(4414,25,1,'Field 4',36,4380,4411,4378,4377,4324),(4419,23,1,'Field 5',29,4381,4418,4349,4354,4320),(4420,27,1,'Field 5',18,4354,4418,4381,4349,4322),(4421,17,1,'Field 5',29,4349,4418,4354,4381,4324),(4426,31,1,'Field 6',26,4346,4425,4358,4382,4320),(4427,28,1,'Field 6',25,4382,4425,4346,4358,4322),(4428,15,1,'Field 6',37,4358,4425,4382,4346,4324),(4433,34,1,'Field 7',23,4347,4432,4360,4345,4320),(4434,18,1,'Field 7',32,4345,4432,4347,4360,4322),(4435,25,1,'Field 7',26,4360,4432,4345,4347,4324),(4440,25,1,'Field 8',32,4356,4439,4361,4362,4320),(4441,31,1,'Field 8',22,4362,4439,4356,4361,4322),(4442,27,1,'Field 8',25,4361,4439,4362,4356,4324),(4447,27,1,'Field 1',28,4357,4446,4364,4359,4321),(4448,28,1,'Field 1',19,4359,4446,4357,4364,4323),(4449,19,1,'Field 1',29,4364,4446,4359,4357,4325),(4454,25,1,'Field 2',25,4375,4453,4369,4367,4321),(4455,26,1,'Field 2',24,4367,4453,4375,4369,4323),(4456,16,1,'Field 2',24,4369,4453,4367,4375,4325),(4461,23,1,'Field 3',26,4383,4460,4384,4376,4321),(4462,15,1,'Field 3',38,4376,4460,4383,4384,4323),(4463,40,1,'Field 3',20,4384,4460,4376,4383,4325),(4468,23,1,'Field 4',35,4387,4467,4386,4385,4321),(4469,34,1,'Field 4',23,4385,4467,4387,4386,4323),(4470,36,1,'Field 4',23,4386,4467,4385,4387,4325),(4475,14,1,'Field 5',44,4355,4474,4388,4343,4321),(4476,36,1,'Field 5',11,4343,4474,4355,4388,4323),(4477,24,1,'Field 5',22,4388,4474,4343,4355,4325),(4482,32,1,'Field 6',18,4370,4481,4342,4344,4321),(4483,17,1,'Field 6',26,4344,4481,4370,4342,4323),(4484,26,1,'Field 6',26,4342,4481,4344,4370,4325),(4489,12,1,'Field 7',45,4374,4488,4350,4352,4321),(4490,26,1,'Field 7',24,4352,4488,4374,4350,4323),(4491,30,1,'Field 7',20,4350,4488,4352,4374,4325),(4496,16,1,'Field 8',42,4379,4495,4351,4353,4321),(4497,48,1,'Field 8',14,4353,4495,4379,4351,4323),(4498,24,1,'Field 8',20,4351,4495,4353,4379,4325),(4504,23,1,'Field 1',32,4373,4503,4341,4368,4326),(4505,21,1,'Field 1',29,4348,4503,4368,4373,4327),(4506,15,1,'Field 1',32,4347,4503,4354,4348,4328),(4507,24,1,'Field 1',22,4368,4503,4373,4354,4329),(4508,16,1,'Field 1',23,4341,4503,4354,4368,4330),(4509,29,1,'Field 1',17,4348,4503,4347,4373,4331),(4510,15,1,'Field 1',31,4373,4503,4354,4341,4332),(4511,27,1,'Field 1',21,4368,4503,4347,4354,4333),(4512,22,1,'Field 1',24,4341,4503,4348,4368,4334),(4513,17,1,'Field 1',25,4347,4503,4373,4348,4335),(4514,21,1,'Field 1',26,4354,4503,4348,4347,4336),(4515,25,1,'Field 1',27,4368,4503,4341,4354,4337),(4516,21,1,'Field 1',25,4373,4503,4348,4341,4338),(4517,20,1,'Field 1',36,4347,4503,4341,4348,4339),(4518,18,1,'Field 1',25,4354,4503,4368,4347,4340),(4526,15,1,'Field 2',39,4346,4525,4365,4378,4326),(4527,24,1,'Field 2',28,4362,4525,4378,4346,4327),(4528,25,1,'Field 2',27,4361,4525,4382,4362,4328),(4529,35,1,'Field 2',20,4378,4525,4346,4382,4329),(4530,26,1,'Field 2',19,4365,4525,4382,4378,4330),(4531,20,1,'Field 2',24,4362,4525,4361,4346,4331),(4532,16,1,'Field 2',32,4346,4525,4382,4365,4332),(4533,37,1,'Field 2',25,4378,4525,4361,4382,4333),(4534,35,1,'Field 2',19,4365,4525,4362,4378,4334),(4535,27,1,'Field 2',20,4361,4525,4346,4362,4335),(4536,33,1,'Field 2',23,4382,4525,4362,4361,4336),(4537,31,1,'Field 2',18,4378,4525,4365,4382,4337),(4538,22,1,'Field 2',27,4346,4525,4362,4365,4338),(4539,25,1,'Field 2',27,4361,4525,4365,4362,4339),(4540,22,1,'Field 2',24,4382,4525,4378,4361,4340),(4548,23,1,'Field 3',29,4349,4547,4363,4371,4326),(4549,24,1,'Field 3',28,4366,4547,4371,4349,4327),(4550,26,1,'Field 3',25,4360,4547,4381,4366,4328),(4551,22,1,'Field 3',28,4371,4547,4349,4381,4329),(4552,29,1,'Field 3',21,4363,4547,4381,4371,4330),(4553,24,1,'Field 3',27,4366,4547,4360,4349,4331),(4554,22,1,'Field 3',23,4349,4547,4381,4363,4332),(4555,24,1,'Field 3',23,4371,4547,4360,4381,4333),(4556,24,1,'Field 3',21,4363,4547,4366,4371,4334),(4557,27,1,'Field 3',17,4360,4547,4349,4366,4335),(4558,25,1,'Field 3',28,4381,4547,4366,4360,4336),(4559,18,1,'Field 3',24,4371,4547,4363,4381,4337),(4560,24,1,'Field 3',27,4349,4547,4366,4363,4338),(4561,18,1,'Field 3',33,4360,4547,4363,4366,4339),(4562,21,1,'Field 3',22,4381,4547,4371,4360,4340),(4570,22,1,'Field 4',35,4345,4569,4372,4377,4326),(4571,25,1,'Field 4',21,4380,4569,4377,4345,4327),(4572,32,1,'Field 4',21,4356,4569,4358,4380,4328),(4573,31,1,'Field 4',17,4377,4569,4345,4358,4329),(4574,20,1,'Field 4',24,4372,4569,4358,4377,4330),(4575,36,1,'Field 4',19,4380,4569,4356,4345,4331),(4576,24,1,'Field 4',29,4345,4569,4358,4372,4332),(4577,22,1,'Field 4',33,4377,4569,4356,4358,4333),(4578,21,1,'Field 4',33,4372,4569,4380,4377,4334),(4579,24,1,'Field 4',29,4356,4569,4345,4380,4335),(4580,20,1,'Field 4',33,4358,4569,4380,4356,4336),(4581,21,1,'Field 4',24,4377,4569,4372,4358,4337),(4582,22,1,'Field 4',31,4345,4569,4380,4372,4338),(4583,30,1,'Field 4',20,4356,4569,4372,4380,4339),(4584,26,1,'Field 4',25,4358,4569,4377,4356,4340),(4592,19,1,'Field 5',26,4383,4591,4359,4384,4326),(4593,29,1,'Field 5',25,4353,4591,4384,4383,4327),(4594,17,1,'Field 5',32,4350,4591,4388,4353,4328),(4595,25,1,'Field 5',24,4384,4591,4383,4388,4329),(4596,22,1,'Field 5',27,4359,4591,4388,4384,4330),(4597,30,1,'Field 5',23,4353,4591,4350,4383,4331),(4598,22,1,'Field 5',30,4383,4591,4388,4359,4332),(4599,27,1,'Field 5',24,4384,4591,4350,4388,4333),(4600,29,1,'Field 5',22,4359,4591,4353,4384,4334),(4601,20,1,'Field 5',31,4350,4591,4383,4353,4335),(4602,34,1,'Field 5',17,4388,4591,4353,4350,4336),(4603,21,1,'Field 5',28,4384,4591,4359,4388,4337),(4604,26,1,'Field 5',29,4383,4591,4353,4359,4338),(4605,25,1,'Field 5',30,4350,4591,4359,4353,4339),(4606,31,1,'Field 5',20,4388,4591,4384,4350,4340),(4614,17,1,'Field 6',37,4385,4613,4367,4386,4326),(4615,30,1,'Field 6',24,4343,4613,4386,4385,4327),(4616,19,1,'Field 6',31,4351,4613,4370,4343,4328),(4617,33,1,'Field 6',27,4386,4613,4385,4370,4329),(4618,21,1,'Field 6',23,4367,4613,4370,4386,4330),(4619,26,1,'Field 6',19,4343,4613,4351,4385,4331),(4620,16,1,'Field 6',36,4385,4613,4370,4367,4332),(4621,24,1,'Field 6',31,4386,4613,4351,4370,4333),(4622,27,1,'Field 6',18,4367,4613,4343,4386,4334),(4623,34,1,'Field 6',17,4351,4613,4385,4343,4335),(4624,29,1,'Field 6',20,4370,4613,4343,4351,4336),(4625,18,1,'Field 6',35,4386,4613,4367,4370,4337),(4626,19,1,'Field 6',32,4385,4613,4343,4367,4338),(4627,23,1,'Field 6',30,4351,4613,4367,4343,4339),(4628,36,1,'Field 6',19,4370,4613,4386,4351,4340),(4636,28,1,'Field 7',29,4375,4635,4357,4376,4326),(4637,26,1,'Field 7',34,4352,4635,4376,4375,4327),(4638,18,1,'Field 7',34,4374,4635,4355,4352,4328),(4639,30,1,'Field 7',33,4376,4635,4375,4355,4329),(4640,32,1,'Field 7',26,4357,4635,4355,4376,4330),(4641,21,1,'Field 7',33,4352,4635,4374,4375,4331),(4642,33,1,'Field 7',24,4375,4635,4355,4357,4332),(4643,36,1,'Field 7',18,4376,4635,4374,4355,4333),(4644,34,1,'Field 7',23,4357,4635,4352,4376,4334),(4645,21,1,'Field 7',35,4374,4635,4375,4352,4335),(4646,30,1,'Field 7',28,4355,4635,4352,4374,4336),(4647,17,1,'Field 7',36,4376,4635,4357,4355,4337),(4648,35,1,'Field 7',20,4375,4635,4352,4357,4338),(4649,23,1,'Field 7',36,4374,4635,4357,4352,4339),(4650,17,1,'Field 7',30,4355,4635,4376,4374,4340),(4658,33,1,'Field 8',20,4344,4657,4369,4387,4326),(4659,28,1,'Field 8',26,4364,4657,4387,4344,4327),(4660,19,1,'Field 8',37,4379,4657,4342,4364,4328),(4661,23,1,'Field 8',36,4387,4657,4344,4342,4329),(4662,19,1,'Field 8',23,4369,4657,4342,4387,4330),(4663,36,1,'Field 8',19,4364,4657,4379,4344,4331),(4664,22,1,'Field 8',34,4344,4657,4342,4369,4332),(4665,36,1,'Field 8',21,4387,4657,4379,4342,4333),(4666,21,1,'Field 8',30,4369,4657,4364,4387,4334),(4667,28,1,'Field 8',26,4379,4657,4344,4364,4335),(4668,27,1,'Field 8',22,4342,4657,4364,4379,4336),(4669,23,1,'Field 8',24,4387,4657,4369,4342,4337),(4670,16,1,'Field 8',36,4344,4657,4364,4369,4338),(4671,23,1,'Field 8',38,4379,4657,4369,4364,4339),(4672,29,1,'Field 8',18,4342,4657,4387,4379,4340),(10052,26,1,'Field 1',36,10012,10051,10025,10004,163),(10053,28,1,'Field 1',22,10004,10051,10012,10025,165),(10054,16,1,'Field 1',31,10025,10051,10004,10012,167),(10059,28,1,'Field 2',28,10013,10058,10030,10040,163),(10060,36,1,'Field 2',21,10040,10058,10013,10030,165),(10061,21,1,'Field 2',33,10030,10058,10040,10013,167),(10066,21,1,'Field 3',31,10014,10065,10031,10044,163),(10067,29,1,'Field 3',20,10044,10065,10014,10031,165),(10068,21,1,'Field 3',36,10031,10065,10044,10014,167),(10073,25,1,'Field 4',31,10016,10072,10032,10010,163),(10074,31,1,'Field 4',20,10010,10072,10016,10032,165),(10075,21,1,'Field 4',33,10032,10072,10010,10016,167),(10080,18,1,'Field 5',41,10038,10079,10033,10011,163),(10081,29,1,'Field 5',20,10011,10079,10038,10033,165),(10082,31,1,'Field 5',22,10033,10079,10011,10038,167),(10087,29,1,'Field 6',25,10039,10086,10037,10019,163),(10088,20,1,'Field 6',29,10019,10086,10039,10037,165),(10089,25,1,'Field 6',23,10037,10086,10019,10039,167),(10094,24,1,'Field 7',21,10043,10093,10049,10022,163),(10095,27,1,'Field 7',19,10022,10093,10043,10049,165),(10096,29,1,'Field 7',17,10049,10093,10022,10043,167),(10101,21,1,'Field 8',33,10047,10100,10005,10023,163),(10102,39,1,'Field 8',16,10023,10100,10047,10005,165),(10103,23,1,'Field 8',31,10005,10100,10023,10047,167),(10108,14,1,'Field 1',32,10009,10107,10045,10003,164),(10109,27,1,'Field 1',26,10003,10107,10009,10045,166),(10110,29,1,'Field 1',23,10045,10107,10003,10009,168),(10115,NULL,0,'Field 2',NULL,10020,10114,10046,10007,164),(10116,36,1,'Field 2',14,10007,10114,10020,10046,166),(10117,NULL,0,'Field 2',NULL,10046,10114,10007,10020,168),(10122,28,1,'Field 3',25,10021,10121,10048,10008,164),(10123,29,1,'Field 3',16,10008,10121,10021,10048,166),(10124,22,1,'Field 3',28,10048,10121,10008,10021,168),(10129,21,1,'Field 4',39,10024,10128,10015,10018,164),(10130,35,1,'Field 4',22,10018,10128,10024,10015,166),(10131,22,1,'Field 4',25,10015,10128,10018,10024,168),(10136,27,1,'Field 5',26,10026,10135,10017,10027,164),(10137,31,1,'Field 5',20,10027,10135,10026,10017,166),(10138,15,1,'Field 5',31,10017,10135,10027,10026,168),(10143,15,1,'Field 6',37,10034,10142,10028,10035,164),(10144,37,1,'Field 6',20,10035,10142,10034,10028,166),(10145,32,1,'Field 6',24,10028,10142,10035,10034,168),(10150,24,1,'Field 7',34,10036,10149,10029,10041,164),(10151,41,1,'Field 7',14,10041,10149,10036,10029,166),(10152,23,1,'Field 7',32,10029,10149,10041,10036,168),(10157,18,1,'Field 8',37,10006,10156,10002,10042,164),(10158,43,1,'Field 8',9,10042,10156,10006,10002,166),(10159,22,1,'Field 8',29,10002,10156,10042,10006,168),(10165,20,1,'Field 1',36,10037,10164,10004,10044,169),(10166,21,1,'Field 1',33,10005,10164,10044,10037,170),(10167,12,1,'Field 1',31,10049,10164,10033,10005,171),(10168,32,1,'Field 1',17,10044,10164,10037,10033,172),(10169,33,1,'Field 1',14,10004,10164,10033,10044,173),(10170,28,1,'Field 1',19,10005,10164,10049,10037,174),(10171,23,1,'Field 1',32,10037,10164,10033,10004,175),(10172,26,1,'Field 1',22,10044,10164,10049,10033,176),(10173,35,1,'Field 1',18,10004,10164,10005,10044,177),(10174,29,1,'Field 1',20,10049,10164,10037,10005,178),(10175,21,1,'Field 1',33,10033,10164,10005,10049,179),(10176,27,1,'Field 1',25,10044,10164,10004,10033,180),(10177,19,1,'Field 1',31,10037,10164,10005,10004,181),(10178,15,1,'Field 1',43,10049,10164,10004,10005,182),(10179,20,1,'Field 1',31,10033,10164,10044,10049,183),(10187,32,1,'Field 2',21,10022,10186,10040,10010,169),(10188,12,1,'Field 2',30,10011,10186,10010,10022,170),(10189,30,1,'Field 2',24,10023,10186,10039,10011,171),(10190,30,1,'Field 2',25,10010,10186,10022,10039,172),(10191,31,1,'Field 2',15,10040,10186,10039,10010,173),(10192,17,1,'Field 2',32,10011,10186,10023,10022,174),(10193,30,1,'Field 2',20,10022,10186,10039,10040,175),(10194,33,1,'Field 2',21,10010,10186,10023,10039,176),(10195,40,1,'Field 2',15,10040,10186,10011,10010,177),(10196,19,1,'Field 2',22,10023,10186,10022,10011,178),(10197,28,1,'Field 2',19,10039,10186,10011,10023,179),(10198,21,1,'Field 2',28,10010,10186,10040,10039,180),(10199,30,1,'Field 2',26,10022,10186,10011,10040,181),(10200,22,1,'Field 2',33,10023,10186,10040,10011,182),(10201,19,1,'Field 2',30,10039,10186,10010,10023,183),(10209,25,1,'Field 3',23,10032,10208,10012,10014,169),(10210,29,1,'Field 3',20,10031,10208,10014,10032,170),(10211,27,1,'Field 3',19,10043,10208,10038,10031,171),(10212,23,1,'Field 3',22,10014,10208,10032,10038,172),(10213,23,1,'Field 3',19,10012,10208,10038,10014,173),(10214,27,1,'Field 3',27,10031,10208,10043,10032,174),(10215,25,1,'Field 3',24,10032,10208,10038,10012,175),(10216,23,1,'Field 3',22,10014,10208,10043,10038,176),(10217,21,1,'Field 3',24,10012,10208,10031,10014,177),(10218,26,1,'Field 3',25,10043,10208,10032,10031,178),(10219,17,1,'Field 3',29,10038,10208,10031,10043,179),(10220,23,1,'Field 3',19,10014,10208,10012,10038,180),(10221,22,1,'Field 3',24,10032,10208,10031,10012,181),(10222,25,1,'Field 3',0,10043,10208,10012,10031,182),(10223,20,1,'Field 3',27,10038,10208,10014,10043,183),(10231,25,1,'Field 4',26,10030,10230,10013,10016,169),(10232,34,1,'Field 4',23,10025,10230,10016,10030,170),(10233,29,1,'Field 4',24,10047,10230,10019,10025,171),(10234,23,1,'Field 4',32,10016,10230,10030,10019,172),(10235,21,1,'Field 4',21,10013,10230,10019,10016,173),(10236,30,1,'Field 4',20,10025,10230,10047,10030,174),(10237,30,1,'Field 4',20,10030,10230,10019,10013,175),(10238,22,1,'Field 4',24,10016,10230,10047,10019,176),(10239,22,1,'Field 4',27,10013,10230,10025,10016,177),(10240,24,1,'Field 4',33,10047,10230,10030,10025,178),(10241,20,1,'Field 4',28,10019,10230,10025,10047,179),(10242,20,1,'Field 4',35,10016,10230,10013,10019,180),(10243,22,1,'Field 4',31,10030,10230,10025,10013,181),(10244,20,1,'Field 4',27,10047,10230,10013,10025,182),(10245,22,1,'Field 4',21,10019,10230,10016,10047,183),(10253,18,1,'Field 5',42,10035,10252,10045,10008,169),(10254,30,1,'Field 5',19,10015,10252,10008,10035,170),(10255,27,1,'Field 5',23,10041,10252,10027,10015,171),(10256,36,1,'Field 5',14,10008,10252,10035,10027,172),(10257,26,1,'Field 5',20,10045,10252,10027,10008,173),(10258,21,1,'Field 5',24,10015,10252,10041,10035,174),(10259,44,1,'Field 5',35,10035,10252,10027,10045,175),(10260,14,1,'Field 5',32,10008,10252,10041,10027,176),(10261,29,1,'Field 5',21,10045,10252,10015,10008,177),(10262,30,1,'Field 5',18,10041,10252,10035,10015,178),(10263,21,1,'Field 5',26,10027,10252,10015,10041,179),(10264,21,1,'Field 5',25,10008,10252,10045,10027,180),(10265,17,1,'Field 5',34,10035,10252,10015,10045,181),(10266,18,1,'Field 5',22,10041,10252,10045,10015,182),(10267,22,1,'Field 5',21,10027,10252,10008,10041,183),(10275,27,1,'Field 6',33,10029,10274,10007,10018,169),(10276,20,1,'Field 6',30,10002,10274,10018,10029,170),(10277,41,1,'Field 6',15,10042,10274,10028,10002,171),(10278,20,1,'Field 6',16,10018,10274,10029,10028,172),(10279,33,1,'Field 6',18,10007,10274,10028,10018,173),(10280,16,1,'Field 6',33,10002,10274,10042,10029,174),(10281,35,1,'Field 6',21,10029,10274,10028,10007,175),(10282,18,1,'Field 6',29,10018,10274,10042,10028,176),(10283,31,1,'Field 6',18,10007,10274,10002,10018,177),(10284,28,1,'Field 6',18,10042,10274,10029,10002,178),(10285,17,1,'Field 6',38,10028,10274,10002,10042,179),(10286,17,1,'Field 6',31,10018,10274,10007,10028,180),(10287,27,1,'Field 6',24,10029,10274,10002,10007,181),(10288,23,1,'Field 6',24,10042,10274,10007,10002,182),(10289,17,1,'Field 6',36,10028,10274,10018,10042,183),(10297,23,1,'Field 7',31,10021,10296,10009,10048,169),(10298,25,1,'Field 7',33,10003,10296,10048,10021,170),(10299,27,1,'Field 7',38,10036,10296,10017,10003,171),(10300,30,1,'Field 7',24,10048,10296,10021,10017,172),(10301,28,1,'Field 7',18,10009,10296,10017,10048,173),(10302,37,1,'Field 7',15,10003,10296,10036,10021,174),(10303,23,1,'Field 7',18,10021,10296,10017,10009,175),(10304,32,1,'Field 7',29,10048,10296,10036,10017,176),(10305,30,1,'Field 7',23,10009,10296,10003,10048,177),(10306,24,1,'Field 7',37,10036,10296,10021,10003,178),(10307,26,1,'Field 7',31,10017,10296,10003,10036,179),(10308,25,1,'Field 7',30,10048,10296,10009,10017,180),(10309,26,1,'Field 7',23,10021,10296,10003,10009,181),(10310,19,1,'Field 7',38,10036,10296,10009,10003,182),(10311,30,1,'Field 7',34,10017,10296,10048,10036,183),(10319,0,1,'Field 8',25,10046,10318,10020,10024,169),(10320,30,1,'Field 8',20,10026,10318,10024,10046,170),(10321,25,1,'Field 8',31,10006,10318,10034,10026,171),(10322,25,1,'Field 8',0,10024,10318,10046,10034,172),(10323,30,1,'Field 8',19,10020,10318,10034,10024,173),(10324,25,1,'Field 8',27,10026,10318,10006,10046,174),(10325,0,1,'Field 8',25,10046,10318,10034,10020,175),(10326,34,1,'Field 8',26,10024,10318,10006,10034,176),(10327,20,1,'Field 8',32,10020,10318,10026,10024,177),(10328,28,1,'Field 8',0,10006,10318,10046,10026,178),(10329,27,1,'Field 8',30,10034,10318,10026,10006,179),(10330,23,1,'Field 8',31,10024,10318,10020,10034,180),(10331,0,1,'Field 8',25,10046,10318,10026,10020,181),(10332,33,1,'Field 8',12,10006,10318,10020,10026,182),(10333,10,1,'Field 8',23,10034,10318,10024,10006,183);
/*!40000 ALTER TABLE `game` ENABLE KEYS */;
UNLOCK TABLES;

--
-- Table structure for table `game_set`
--

DROP TABLE IF EXISTS `game_set`;
/*!40101 SET @saved_cs_client     = @@character_set_client */;
/*!50503 SET character_set_client = utf8mb4 */;
CREATE TABLE `game_set` (
  `id` bigint NOT NULL AUTO_INCREMENT,
  `away_score` int DEFAULT NULL,
  `home_score` int DEFAULT NULL,
  `playoff_game_id` bigint DEFAULT NULL,
  PRIMARY KEY (`id`),
  KEY `FKma68m41xbcuqgqqdlv7j7jc1y` (`playoff_game_id`),
  CONSTRAINT `FKma68m41xbcuqgqqdlv7j7jc1y` FOREIGN KEY (`playoff_game_id`) REFERENCES `playoff_game` (`id`) ON DELETE RESTRICT ON UPDATE RESTRICT
) ENGINE=InnoDB AUTO_INCREMENT=10378 DEFAULT CHARSET=utf8mb4 COLLATE=utf8mb4_unicode_ci;
/*!40101 SET character_set_client = @saved_cs_client */;

--
-- Dumping data for table `game_set`
--

LOCK TABLES `game_set` WRITE;
/*!40000 ALTER TABLE `game_set` DISABLE KEYS */;
INSERT INTO `game_set` VALUES (1,25,18,1),(2,27,25,1),(3,NULL,NULL,1),(4,25,18,2),(5,25,22,2),(6,NULL,NULL,2),(7,17,25,3),(8,25,14,3),(9,8,15,3),(10,23,25,4),(11,25,23,4),(12,15,17,4),(13,26,24,5),(14,14,25,5),(15,15,6,5),(16,14,25,6),(17,22,25,6),(18,NULL,NULL,6),(19,25,23,7),(20,18,25,7),(21,15,17,7),(22,21,25,8),(23,25,18,8),(24,11,15,8),(25,21,25,9),(26,13,25,9),(27,NULL,NULL,9),(28,25,17,10),(29,25,22,10),(30,NULL,NULL,10),(31,25,11,11),(32,14,25,11),(33,12,15,11),(34,25,15,12),(35,25,15,12),(36,NULL,NULL,12),(37,25,21,13),(38,15,25,13),(39,9,15,13),(40,18,25,14),(41,23,25,14),(42,NULL,NULL,14),(43,14,25,15),(44,17,25,15),(45,NULL,NULL,15),(46,9,25,16),(47,15,25,16),(48,NULL,NULL,16),(49,25,18,17),(50,25,13,17),(51,NULL,NULL,17),(52,23,25,18),(53,17,25,18),(54,NULL,NULL,18),(55,25,19,19),(56,25,8,19),(57,NULL,NULL,19),(58,23,25,20),(59,25,18,20),(60,15,4,20),(61,22,25,21),(62,25,10,21),(63,10,15,21),(64,25,14,22),(65,25,12,22),(66,NULL,NULL,22),(67,24,26,23),(68,15,25,23),(69,NULL,NULL,23),(70,25,19,24),(71,24,26,24),(72,15,13,24),(97,19,25,33),(98,25,20,33),(99,7,15,33),(100,16,25,34),(101,19,25,34),(102,NULL,NULL,34),(103,25,18,35),(104,25,15,35),(105,NULL,NULL,35),(106,12,25,36),(107,15,25,36),(108,NULL,NULL,36),(109,19,25,37),(110,22,25,37),(111,NULL,NULL,37),(112,25,19,38),(113,25,20,38),(114,NULL,NULL,38),(115,23,25,39),(116,25,23,39),(117,16,18,39),(118,25,0,40),(119,25,0,40),(120,NULL,NULL,40),(121,NULL,NULL,41),(122,NULL,NULL,41),(123,NULL,NULL,41),(124,NULL,NULL,42),(125,NULL,NULL,42),(126,NULL,NULL,42),(127,NULL,NULL,43),(128,NULL,NULL,43),(129,NULL,NULL,43),(130,NULL,NULL,44),(131,NULL,NULL,44),(132,NULL,NULL,44),(133,NULL,NULL,45),(134,NULL,NULL,45),(135,NULL,NULL,45),(136,NULL,NULL,46),(137,NULL,NULL,46),(138,NULL,NULL,46),(139,NULL,NULL,47),(140,NULL,NULL,47),(141,NULL,NULL,47),(142,NULL,NULL,48),(143,NULL,NULL,48),(144,NULL,NULL,48),(2344,22,25,2343),(2345,17,25,2343),(2346,NULL,NULL,2343),(2348,15,25,2347),(2349,15,25,2347),(2350,NULL,NULL,2347),(2353,0,25,2352),(2354,0,25,2352),(2355,NULL,NULL,2352),(2357,19,25,2356),(2358,23,25,2356),(2359,NULL,NULL,2356),(2362,15,25,2361),(2363,15,25,2361),(2364,NULL,NULL,2361),(2366,25,15,2365),(2367,15,25,2365),(2368,15,10,2365),(2371,15,25,2370),(2372,25,16,2370),(2373,13,15,2370),(2375,25,13,2374),(2376,24,26,2374),(2377,13,15,2374),(2860,25,0,2859),(2861,25,0,2859),(2862,NULL,NULL,2859),(2864,25,0,2863),(2865,0,25,2863),(2866,15,0,2863),(2869,25,0,2868),(2870,0,25,2868),(2871,15,0,2868),(2873,0,25,2872),(2874,25,0,2872),(2875,15,0,2872),(2878,25,0,2877),(2879,25,0,2877),(2880,NULL,NULL,2877),(2882,0,25,2881),(2883,25,0,2881),(2884,0,15,2881),(2887,25,0,2886),(2888,25,0,2886),(2889,NULL,NULL,2886),(2891,25,0,2890),(2892,0,25,2890),(2893,15,0,2890),(4683,25,0,4682),(4684,25,0,4682),(4685,NULL,NULL,4682),(4687,0,25,4686),(4688,0,25,4686),(4689,NULL,NULL,4686),(4692,25,0,4691),(4693,25,0,4691),(4694,NULL,NULL,4691),(4696,0,25,4695),(4697,0,25,4695),(4698,NULL,NULL,4695),(4701,25,20,4700),(4702,25,16,4700),(4703,NULL,NULL,4700),(4705,23,25,4704),(4706,24,26,4704),(4707,NULL,NULL,4704),(4710,23,25,4709),(4711,24,26,4709),(4712,NULL,NULL,4709),(4714,23,25,4713),(4715,25,17,4713),(4716,15,8,4713),(10344,NULL,NULL,10343),(10345,NULL,NULL,10343),(10346,NULL,NULL,10343),(10348,NULL,NULL,10347),(10349,NULL,NULL,10347),(10350,NULL,NULL,10347),(10353,NULL,NULL,10352),(10354,NULL,NULL,10352),(10355,NULL,NULL,10352),(10357,NULL,NULL,10356),(10358,NULL,NULL,10356),(10359,NULL,NULL,10356),(10362,NULL,NULL,10361),(10363,NULL,NULL,10361),(10364,NULL,NULL,10361),(10366,NULL,NULL,10365),(10367,NULL,NULL,10365),(10368,NULL,NULL,10365),(10371,NULL,NULL,10370),(10372,NULL,NULL,10370),(10373,NULL,NULL,10370),(10375,NULL,NULL,10374),(10376,NULL,NULL,10374),(10377,NULL,NULL,10374);
/*!40000 ALTER TABLE `game_set` ENABLE KEYS */;
UNLOCK TABLES;

--
-- Table structure for table `hibernate_sequence`
--

DROP TABLE IF EXISTS `hibernate_sequence`;
/*!40101 SET @saved_cs_client     = @@character_set_client */;
/*!50503 SET character_set_client = utf8mb4 */;
CREATE TABLE `hibernate_sequence` (
  `next_val` bigint DEFAULT NULL
) ENGINE=InnoDB DEFAULT CHARSET=latin1;
/*!40101 SET character_set_client = @saved_cs_client */;

--
-- Dumping data for table `hibernate_sequence`
--

LOCK TABLES `hibernate_sequence` WRITE;
/*!40000 ALTER TABLE `hibernate_sequence` DISABLE KEYS */;
INSERT INTO `hibernate_sequence` VALUES (10378),(10378),(10378),(10378),(10378),(10378),(10378),(10378),(10378),(10378),(10378);
/*!40000 ALTER TABLE `hibernate_sequence` ENABLE KEYS */;
UNLOCK TABLES;

--
-- Table structure for table `phase`
--

DROP TABLE IF EXISTS `phase`;
/*!40101 SET @saved_cs_client     = @@character_set_client */;
/*!50503 SET character_set_client = utf8mb4 */;
CREATE TABLE `phase` (
  `id` bigint NOT NULL AUTO_INCREMENT,
  `name` varchar(255) COLLATE utf8mb4_unicode_ci DEFAULT NULL,
  `phase` varchar(255) COLLATE utf8mb4_unicode_ci DEFAULT NULL,
  `tournament_id` bigint DEFAULT NULL,
  PRIMARY KEY (`id`),
  KEY `FK897i9ga5j1ovha7ahtbxteatw` (`tournament_id`),
  CONSTRAINT `FK897i9ga5j1ovha7ahtbxteatw` FOREIGN KEY (`tournament_id`) REFERENCES `tournament` (`id`) ON DELETE RESTRICT ON UPDATE RESTRICT
) ENGINE=InnoDB AUTO_INCREMENT=10164 DEFAULT CHARSET=utf8mb4 COLLATE=utf8mb4_unicode_ci;
/*!40101 SET character_set_client = @saved_cs_client */;

--
-- Dumping data for table `phase`
--

LOCK TABLES `phase` WRITE;
/*!40000 ALTER TABLE `phase` DISABLE KEYS */;
INSERT INTO `phase` VALUES (8,'Phase One','PHASE_ONE',1),(9,'Phase Two','PHASE_TWO',1),(11,'Phase One','PHASE_ONE',2),(12,'Phase Two','PHASE_TWO',2),(13,'Phase One','PHASE_ONE',3),(14,'Phase Two','PHASE_TWO',3),(17,'Phase One','PHASE_ONE',5),(20,'Phase Two','PHASE_TWO',5),(2050,'Phase One','PHASE_ONE',2000),(2163,'Phase Two','PHASE_TWO',2000),(2566,'Phase One','PHASE_ONE',2378),(2679,'Phase Two','PHASE_TWO',2378),(4389,'Phase One','PHASE_ONE',4318),(4502,'Phase Two','PHASE_TWO',4318),(10050,'Phase One','PHASE_ONE',140),(10163,'Phase Two','PHASE_TWO',140);
/*!40000 ALTER TABLE `phase` ENABLE KEYS */;
UNLOCK TABLES;

--
-- Table structure for table `playoff`
--

DROP TABLE IF EXISTS `playoff`;
/*!40101 SET @saved_cs_client     = @@character_set_client */;
/*!50503 SET character_set_client = utf8mb4 */;
CREATE TABLE `playoff` (
  `id` bigint NOT NULL AUTO_INCREMENT,
  `name` varchar(255) COLLATE utf8mb4_unicode_ci DEFAULT NULL,
  `tournament_id` bigint DEFAULT NULL,
  PRIMARY KEY (`id`),
  KEY `FK2tq9vqujifgw8kua2pdtkrljk` (`tournament_id`),
  CONSTRAINT `FK2tq9vqujifgw8kua2pdtkrljk` FOREIGN KEY (`tournament_id`) REFERENCES `tournament` (`id`) ON DELETE RESTRICT ON UPDATE RESTRICT
) ENGINE=InnoDB AUTO_INCREMENT=10342 DEFAULT CHARSET=utf8mb4 COLLATE=utf8mb4_unicode_ci;
/*!40101 SET character_set_client = @saved_cs_client */;

--
-- Dumping data for table `playoff`
--

LOCK TABLES `playoff` WRITE;
/*!40000 ALTER TABLE `playoff` DISABLE KEYS */;
INSERT INTO `playoff` VALUES (1,NULL,1),(2,NULL,2),(4,NULL,3),(5,NULL,5),(2341,NULL,2000),(2857,NULL,2378),(4680,NULL,4318),(10341,NULL,140);
/*!40000 ALTER TABLE `playoff` ENABLE KEYS */;
UNLOCK TABLES;

--
-- Table structure for table `playoff_game`
--

DROP TABLE IF EXISTS `playoff_game`;
/*!40101 SET @saved_cs_client     = @@character_set_client */;
/*!50503 SET character_set_client = utf8mb4 */;
CREATE TABLE `playoff_game` (
  `id` bigint NOT NULL AUTO_INCREMENT,
  `completed` tinyint(1) DEFAULT NULL,
  `field` varchar(255) COLLATE utf8mb4_unicode_ci DEFAULT NULL,
  `away_team_id` bigint DEFAULT NULL,
  `cup_id` bigint DEFAULT NULL,
  `home_team_id` bigint DEFAULT NULL,
  `ref_team_id` bigint DEFAULT NULL,
  `round_id` bigint DEFAULT NULL,
  PRIMARY KEY (`id`),
  KEY `FK6ptb3pe7k0he9bkkwowqlrr3m` (`away_team_id`),
  KEY `FKft4kl33yfijyq3jpj44w50rpf` (`cup_id`),
  KEY `FK30q39q5o7smop1st2rsw8ekux` (`home_team_id`),
  KEY `FK2iahn2i4l8s4lfnxpwgeywc4g` (`ref_team_id`),
  KEY `FKkp5weqwctxnyovyrs3blknbhi` (`round_id`),
  CONSTRAINT `FK2iahn2i4l8s4lfnxpwgeywc4g` FOREIGN KEY (`ref_team_id`) REFERENCES `team` (`id`) ON DELETE RESTRICT ON UPDATE RESTRICT,
  CONSTRAINT `FK30q39q5o7smop1st2rsw8ekux` FOREIGN KEY (`home_team_id`) REFERENCES `team` (`id`) ON DELETE RESTRICT ON UPDATE RESTRICT,
  CONSTRAINT `FK6ptb3pe7k0he9bkkwowqlrr3m` FOREIGN KEY (`away_team_id`) REFERENCES `team` (`id`) ON DELETE RESTRICT ON UPDATE RESTRICT,
  CONSTRAINT `FKft4kl33yfijyq3jpj44w50rpf` FOREIGN KEY (`cup_id`) REFERENCES `cup` (`id`) ON DELETE RESTRICT ON UPDATE RESTRICT,
  CONSTRAINT `FKkp5weqwctxnyovyrs3blknbhi` FOREIGN KEY (`round_id`) REFERENCES `round` (`id`) ON DELETE RESTRICT ON UPDATE RESTRICT
) ENGINE=InnoDB AUTO_INCREMENT=10375 DEFAULT CHARSET=utf8mb4 COLLATE=utf8mb4_unicode_ci;
/*!40101 SET character_set_client = @saved_cs_client */;

--
-- Dumping data for table `playoff_game`
--

LOCK TABLES `playoff_game` WRITE;
/*!40000 ALTER TABLE `playoff_game` DISABLE KEYS */;
INSERT INTO `playoff_game` VALUES (1,1,'Field 1',4,1,2,NULL,23),(2,1,'Field 1',2,1,40,13,22),(3,1,'Field 2',14,1,4,20,22),(4,1,'Field 2',14,1,40,NULL,23),(5,1,'Field 3',36,2,34,NULL,23),(6,1,'Field 3',33,2,34,44,22),(7,1,'Field 4',12,2,36,21,22),(8,1,'Field 4',12,2,33,NULL,23),(9,1,'Field 5',24,3,47,NULL,23),(10,1,'Field 5',47,3,25,19,22),(11,1,'Field 6',46,3,24,3,22),(12,1,'Field 6',46,3,25,NULL,23),(13,1,'Field 7',35,4,7,NULL,23),(14,1,'Field 7',31,4,7,43,22),(15,1,'Field 8',18,4,35,38,22),(16,1,'Field 8',18,4,31,NULL,23),(17,1,'Field 1',70,5,98,NULL,72),(18,1,'Field 2',67,5,86,NULL,72),(19,1,'Field 3',80,6,71,NULL,72),(20,1,'Field 4',94,6,78,NULL,72),(21,1,'Field 5',54,7,55,NULL,72),(22,1,'Field 6',88,7,95,NULL,72),(23,1,'Field 7',65,8,76,NULL,72),(24,1,'Field 8',61,8,58,NULL,72),(33,1,'Field 1',119,13,136,NULL,122),(34,1,'Field 2',113,13,102,NULL,122),(35,1,'Field 3',116,14,122,NULL,122),(36,1,'Field 4',146,14,142,NULL,122),(37,1,'Field 5',118,15,135,NULL,122),(38,1,'Field 6',129,15,130,NULL,122),(39,1,'Field 7',111,16,143,NULL,122),(40,1,'Field 8',138,16,145,NULL,122),(41,0,'Field 1',169,17,196,NULL,144),(42,0,'Field 2',174,17,188,NULL,144),(43,0,'Field 3',170,18,184,NULL,144),(44,0,'Field 4',150,18,190,NULL,144),(45,0,'Field 5',171,19,158,NULL,144),(46,0,'Field 6',182,19,193,NULL,144),(47,0,'Field 7',152,20,189,NULL,144),(48,0,'Field 8',197,20,172,NULL,144),(2343,1,NULL,2014,2342,2035,NULL,2340),(2347,1,NULL,2022,2342,2015,NULL,2340),(2352,1,NULL,2046,2351,2040,NULL,2340),(2356,1,NULL,2048,2351,2016,NULL,2340),(2361,1,NULL,2012,2360,2030,NULL,2340),(2365,1,NULL,2018,2360,2045,NULL,2340),(2370,1,NULL,2032,2369,2005,NULL,2340),(2374,1,NULL,50,2369,2028,NULL,2340),(2859,1,'Field 1',2410,2858,2424,NULL,2400),(2863,1,'Field 2',2440,2858,2419,NULL,2400),(2868,1,'Field 3',2414,2867,2422,NULL,2400),(2872,1,'Field 4',2425,2867,2403,NULL,2400),(2877,1,'Field 5',2436,2876,2430,NULL,2400),(2881,1,'Field 6',2447,2876,2412,NULL,2400),(2886,1,'Field 7',2450,2885,2405,NULL,2400),(2890,1,'Field 8',2438,2885,2411,NULL,2400),(4682,1,NULL,4368,4681,4378,NULL,4679),(4686,1,NULL,4365,4681,4348,NULL,4679),(4691,1,NULL,4363,4690,4380,NULL,4679),(4695,1,NULL,4356,4690,4360,NULL,4679),(4700,1,NULL,4388,4699,4370,NULL,4679),(4704,1,NULL,4367,4699,4359,NULL,4679),(4709,1,NULL,4357,4708,4342,NULL,4679),(4713,1,NULL,4364,4708,4375,NULL,4679),(10343,0,'Field 1',10044,10342,10040,NULL,184),(10347,0,'Field 2',10010,10342,10004,NULL,184),(10352,0,'Field 3',10031,10351,10025,NULL,184),(10356,0,'Field 4',10013,10351,10014,NULL,184),(10361,0,'Field 5',10045,10360,10007,NULL,184),(10365,0,'Field 6',10042,10360,10041,NULL,184),(10370,0,'Field 7',10009,10369,10026,NULL,184),(10374,0,'Field 8',10006,10369,10048,NULL,184);
/*!40000 ALTER TABLE `playoff_game` ENABLE KEYS */;
UNLOCK TABLES;

--
-- Table structure for table `round`
--

DROP TABLE IF EXISTS `round`;
/*!40101 SET @saved_cs_client     = @@character_set_client */;
/*!50503 SET character_set_client = utf8mb4 */;
CREATE TABLE `round` (
  `id` bigint NOT NULL AUTO_INCREMENT,
  `name` varchar(255) COLLATE utf8mb4_unicode_ci DEFAULT NULL,
  `time` varchar(255) COLLATE utf8mb4_unicode_ci DEFAULT NULL,
  `tournament_id` bigint DEFAULT NULL,
  PRIMARY KEY (`id`),
  KEY `FK3bxgo16vvo87cx2vtm827sbtk` (`tournament_id`),
  CONSTRAINT `FK3bxgo16vvo87cx2vtm827sbtk` FOREIGN KEY (`tournament_id`) REFERENCES `tournament` (`id`) ON DELETE RESTRICT ON UPDATE RESTRICT
) ENGINE=InnoDB AUTO_INCREMENT=10341 DEFAULT CHARSET=utf8mb4 COLLATE=utf8mb4_unicode_ci;
/*!40101 SET character_set_client = @saved_cs_client */;

--
-- Dumping data for table `round`
--

LOCK TABLES `round` WRITE;
/*!40000 ALTER TABLE `round` DISABLE KEYS */;
INSERT INTO `round` VALUES (1,'Round 1.1','10:00',1),(2,'Round 1.2','10:20',1),(3,'Round 1.3','10:40',1),(4,'Round 1.4','11:00',1),(5,'Round 1.5','11:20',1),(6,'Round 1.6','11:40',1),(7,'Round 2.1','12:40',1),(8,'Round 2.2','13:00',1),(9,'Round 2.3','13:20',1),(10,'Round 2.4','13:40',1),(11,'Round 2.5','14:00',1),(12,'Round 2.6','14:20',1),(13,'Round 2.7','14:40',1),(14,'Round 2.8','15:00',1),(15,'Round 2.9','15:20',1),(16,'Round 2.10','15:40',1),(17,'Round 2.11','16:00',1),(18,'Round 2.12','16:20',1),(19,'Round 2.13','16:40',1),(20,'Round 2.14','17:00',1),(21,'Round 2.15','17:20',1),(22,'Semi-finals','18:00',1),(23,'Finals','ASAP',1),(26,'Round 1.1','10:00',2000),(27,'Round 1.2','10:20',2000),(28,'Round 1.3','10:40',2000),(30,'Round 1.4','11:00',2000),(31,'Round 1.5','11:20',2000),(32,'Round 1.6','11:40',2000),(33,'Round 2.1','13:00',2000),(34,'Round 2.2','13:20',2000),(35,'Round 2.3','13:40',2000),(36,'Round 2.4','14:00',2000),(37,'Round 2.5','14:20',2000),(38,'Round 2.6','14:40',2000),(39,'Round 2.7','15:00',2000),(40,'Round 2.8','15:20',2000),(41,'Round 2.9','15:40',2000),(42,'Round 2.10','16:00',2000),(43,'Round 2.11','16:20',2000),(44,'Round 2.12','16:40',2000),(45,'Round 2.13','17:00',2000),(46,'Round 2.14','17:20',2000),(47,'Round 2.15','17:40',2000),(51,'Round 1.1','10:00',2),(52,'Round 1.2','10:20',2),(53,'Round 1.3','10:40',2),(54,'Round 1.4','11:00',2),(55,'Round 1.5','11:20',2),(56,'Round 1.6','11:40',2),(57,'Round 2.1','13:00',2),(58,'Round 2.2','13:20',2),(59,'Round 2.3','13:40',2),(60,'Round 2.4','14:00',2),(61,'Round 2.5','14:20',2),(62,'Round 2.6','14:40',2),(63,'Round 2.7','15:00',2),(64,'Round 2.8','15:20',2),(65,'Round 2.9','15:40',2),(66,'Round 2.10','16:00',2),(67,'Round 2.11','16:20',2),(68,'Round 2.12','16:40',2),(69,'Round 2.13','17:00',2),(70,'Round 2.14','17:20',2),(71,'Round 2.15','17:40',2),(72,'Finals','18:15',2),(73,'Finals',NULL,2),(101,'Round 1.1','10:00',3),(102,'Round 1.2','10:20',3),(103,'Round 1.3','10:40',3),(104,'Round 1.4','11:00',3),(105,'Round 1.5','11:20',3),(106,'Round 1.6','11:40',3),(107,'Round 2.1','13:00',3),(108,'Round 2.2','13:20',3),(109,'Round 2.3','13:40',3),(110,'Round 2.4','14:00',3),(111,'Round 2.5','14:20',3),(112,'Round 2.6','14:40',3),(113,'Round 2.7','15:00',3),(114,'Round 2.8','15:20',3),(115,'Round 2.9','15:40',3),(116,'Round 2.10','16:00',3),(117,'Round 2.11','16:20',3),(118,'Round 2.12','16:40',3),(119,'Round 2.13','17:00',3),(120,'Round 2.14','17:20',3),(121,'Round 2.15','17:40',3),(122,'Finals','18:15',3),(123,'Round 1.1','10:00',5),(124,'Round 1.2','10:20',5),(125,'Round 1.3','10:40',5),(126,'Round 1.4','11:00',5),(127,'Round 1.5','11:20',5),(128,'Round 1.6','11:40',5),(129,'Round 2.1','13:00',5),(130,'Round 2.2','13:20',5),(131,'Round 2.3','13:40',5),(132,'Round 2.4','14:00',5),(133,'Round 2.5','14:20',5),(134,'Round 2.6','14:40',5),(135,'Round 2.7','15:00',5),(136,'Round 2.8','15:20',5),(137,'Round 2.9','15:40',5),(138,'Round 2.10','16:00',5),(139,'Round 2.11','16:20',5),(140,'Round 2.12','16:40',5),(141,'Round 2.13','17:00',5),(142,'Round 2.14','17:20',5),(143,'Round 2.15','17:40',5),(144,'Finals',NULL,5),(163,'Round 1.1','10:00',140),(164,'Round 1.2','10:20',140),(165,'Round 1.3','10:40',140),(166,'Round 1.4','11:00',140),(167,'Round 1.5','11:20',140),(168,'Round 1.6','11:40',140),(169,'Round 2.1','13:00',140),(170,'Round 2.2','13:20',140),(171,'Round 2.3','13:40',140),(172,'Round 2.4','14:00',140),(173,'Round 2.5','14:20',140),(174,'Round 2.6','14:40',140),(175,'Round 2.7','15:00',140),(176,'Round 2.8','15:20',140),(177,'Round 2.9','15:40',140),(178,'Round 2.10','16:00',140),(179,'Round 2.11','16:20',140),(180,'Round 2.12','16:40',140),(181,'Round 2.13','17:00',140),(182,'Round 2.14','17:20',140),(183,'Round 2.15','17:40',140),(184,'Finals','',140),(2340,'Finals',NULL,2000),(2379,'Round 1.1','10:00',2378),(2380,'Round 1.2','10:20',2378),(2381,'Round 1.3','10:40',2378),(2382,'Round 1.4','11:00',2378),(2383,'Round 1.5','11:20',2378),(2384,'Round 1.6','11:40',2378),(2385,'Round 2.1','13:00',2378),(2386,'Round 2.2','13:20',2378),(2387,'Round 2.3','13:40',2378),(2388,'Round 2.4','14:00',2378),(2389,'Round 2.5','14:20',2378),(2390,'Round 2.6','14:40',2378),(2391,'Round 2.7','15:00',2378),(2392,'Round 2.8','15:20',2378),(2393,'Round 2.9','15:40',2378),(2394,'Round 2.10','16:00',2378),(2395,'Round 2.11','16:20',2378),(2396,'Round 2.12','16:40',2378),(2397,'Round 2.13','17:00',2378),(2398,'Round 2.14','17:20',2378),(2399,'Round 2.15','17:40',2378),(2400,'Finals','',2378),(2856,'Finals',NULL,2378),(4320,'Round 1.1','10:00',4318),(4321,'Round 1.2','10:20',4318),(4322,'Round 1.3','10:40',4318),(4323,'Round 1.4','11:00',4318),(4324,'Round 1.5','11:20',4318),(4325,'Round 1.6','11:40',4318),(4326,'Round 2.1','13:00',4318),(4327,'Round 2.2','13:20',4318),(4328,'Round 2.3','13:40',4318),(4329,'Round 2.4','14:00',4318),(4330,'Round 2.5','14:20',4318),(4331,'Round 2.6','14:40',4318),(4332,'Round 2.7','15:00',4318),(4333,'Round 2.8','15:20',4318),(4334,'Round 2.9','15:40',4318),(4335,'Round 2.10','16:00',4318),(4336,'Round 2.11','16:20',4318),(4337,'Round 2.12','16:40',4318),(4338,'Round 2.13','17:00',4318),(4339,'Round 2.14','17:20',4318),(4340,'Round 2.15','17:40',4318),(4679,'Finals',NULL,4318),(10340,'Finals',NULL,140);
/*!40000 ALTER TABLE `round` ENABLE KEYS */;
UNLOCK TABLES;

--
-- Table structure for table `standing`
--

DROP TABLE IF EXISTS `standing`;
/*!40101 SET @saved_cs_client     = @@character_set_client */;
/*!50503 SET character_set_client = utf8mb4 */;
CREATE TABLE `standing` (
  `id` bigint NOT NULL AUTO_INCREMENT,
  `points` int DEFAULT NULL,
  `points_conceded` int DEFAULT NULL,
  `points_scored` int DEFAULT NULL,
  `position` int DEFAULT NULL,
  `ratio` float DEFAULT NULL,
  `team_id` bigint DEFAULT NULL,
  `group_id` bigint DEFAULT NULL,
  PRIMARY KEY (`id`),
  KEY `FKk0dfm7sbpoa92k84uygyb1iax` (`team_id`),
  KEY `FKjac25bjdf5drl8ygmd6xo206q` (`group_id`),
  CONSTRAINT `FKjac25bjdf5drl8ygmd6xo206q` FOREIGN KEY (`group_id`) REFERENCES `team_group` (`id`) ON DELETE RESTRICT ON UPDATE RESTRICT,
  CONSTRAINT `FKk0dfm7sbpoa92k84uygyb1iax` FOREIGN KEY (`team_id`) REFERENCES `team` (`id`) ON DELETE RESTRICT ON UPDATE RESTRICT
) ENGINE=InnoDB AUTO_INCREMENT=10340 DEFAULT CHARSET=utf8mb4 COLLATE=utf8mb4_unicode_ci;
/*!40101 SET character_set_client = @saved_cs_client */;

--
-- Dumping data for table `standing`
--

LOCK TABLES `standing` WRITE;
/*!40000 ALTER TABLE `standing` DISABLE KEYS */;
INSERT INTO `standing` VALUES (337,4,33,61,0,1.84848,40,113),(338,0,74,34,2,0.459459,39,113),(339,2,47,59,1,1.25532,22,113),(340,4,43,67,0,1.55814,17,114),(341,2,60,55,1,0.916667,36,114),(342,0,69,50,2,0.724638,21,114),(343,4,41,63,0,1.53659,14,115),(344,0,66,48,2,0.727273,34,115),(345,2,53,49,1,0.924528,12,115),(346,4,31,71,0,2.29032,4,116),(347,0,75,40,2,0.533333,33,116),(348,2,54,49,1,0.907407,8,116),(349,0,70,47,2,0.671429,44,117),(350,4,53,67,0,1.26415,32,117),(351,2,48,57,1,1.1875,2,117),(352,4,44,59,0,1.34091,20,118),(353,0,66,45,2,0.681818,28,118),(354,2,52,58,1,1.11538,37,118),(355,4,38,59,0,1.55263,13,119),(356,2,58,49,1,0.844828,27,119),(357,0,59,47,2,0.79661,26,119),(358,4,42,61,0,1.45238,1,120),(359,2,53,52,1,0.981132,23,120),(360,0,64,46,2,0.71875,5,120),(361,2,51,60,1,1.17647,48,121),(362,0,72,35,2,0.486111,18,121),(363,4,38,66,0,1.73684,30,121),(364,4,30,75,0,2.5,47,122),(365,2,60,45,1,0.75,31,122),(366,0,69,39,2,0.565217,29,122),(367,4,43,67,0,1.55814,46,123),(368,2,57,63,1,1.10526,19,123),(369,0,74,44,2,0.594595,16,123),(370,4,50,72,0,1.44,45,124),(371,2,67,56,1,0.835821,15,124),(372,0,67,56,2,0.835821,10,124),(373,4,54,73,0,1.35185,41,125),(374,0,69,44,2,0.637681,11,125),(375,2,57,63,1,1.10526,9,125),(376,1,53,50,2,0.943396,35,126),(377,3,48,50,0,1.04167,3,126),(378,2,52,53,1,1.01923,7,126),(379,4,51,60,0,1.17647,25,127),(380,0,68,45,2,0.661765,43,127),(381,2,53,67,1,1.26415,6,127),(382,4,49,79,0,1.61224,24,128),(383,0,78,52,2,0.666667,42,128),(384,2,67,63,1,0.940298,38,128),(385,8,84,137,0,1.63095,40,129),(386,8,102,140,1,1.37255,14,129),(387,3,130,119,4,0.915385,32,129),(388,7,109,154,2,1.41284,13,129),(389,4,133,107,3,0.804511,22,129),(390,0,173,74,5,0.427746,37,129),(391,4,112,114,3,1.01786,17,130),(392,10,98,152,0,1.55102,4,130),(393,6,118,125,2,1.05932,20,130),(394,2,138,102,4,0.73913,1,130),(395,8,107,129,1,1.20561,2,130),(396,0,153,104,5,0.679739,23,130),(397,4,137,108,4,0.788321,39,131),(398,8,114,157,0,1.37719,34,131),(399,4,131,130,2,0.992366,44,131),(400,2,137,115,5,0.839416,26,131),(401,8,112,141,1,1.25893,12,131),(402,4,130,110,3,0.846154,8,131),(403,6,123,128,2,1.04065,21,132),(404,6,109,143,1,1.31193,33,132),(405,6,131,102,3,0.778626,28,132),(406,2,120,112,4,0.933333,5,132),(407,8,118,132,0,1.11864,36,132),(408,2,132,116,5,0.878788,27,132),(409,5,127,120,3,0.944882,30,133),(410,6,94,128,1,1.3617,46,133),(411,3,128,100,4,0.78125,41,133),(412,8,128,146,0,1.14062,25,133),(413,0,160,116,5,0.725,6,133),(414,6,133,160,2,1.20301,19,133),(415,8,116,151,1,1.30172,47,134),(416,4,145,141,3,0.972414,45,134),(417,6,135,159,2,1.17778,3,134),(418,9,123,180,0,1.46341,24,134),(419,3,155,155,4,1,48,134),(420,0,223,111,5,0.497758,9,134),(421,8,135,162,1,1.2,18,135),(422,3,155,125,4,0.806452,16,135),(423,2,171,137,5,0.80117,11,135),(424,4,168,140,2,0.833333,43,135),(425,10,83,176,0,2.12048,7,135),(426,3,171,143,3,0.836257,15,135),(427,4,165,129,3,0.781818,29,136),(428,0,189,135,5,0.714286,10,136),(429,10,117,177,0,1.51282,35,136),(430,2,174,126,4,0.724138,42,136),(431,6,143,168,2,1.17483,38,136),(432,8,123,176,1,1.43089,31,136),(481,2,48,44,1,0.916667,53,153),(482,4,45,58,0,1.28889,87,153),(483,0,54,45,2,0.833333,96,153),(484,2,45,49,1,1.08889,67,154),(485,2,60,47,2,0.783333,94,154),(486,2,46,55,0,1.19565,98,154),(487,4,29,66,0,2.27586,86,155),(488,0,76,32,2,0.421053,63,155),(489,2,47,54,1,1.14894,52,155),(490,4,40,55,0,1.375,51,156),(491,0,61,50,2,0.819672,73,156),(492,2,62,58,1,0.935484,68,156),(493,4,43,63,0,1.46512,59,157),(494,0,65,44,2,0.676923,78,157),(495,2,55,56,1,1.01818,71,157),(496,4,33,58,0,1.75758,66,158),(497,2,48,51,1,1.0625,80,158),(498,0,64,36,2,0.5625,79,158),(499,3,40,59,0,1.475,70,159),(500,3,44,64,1,1.45455,81,159),(501,0,71,32,2,0.450704,90,159),(502,4,32,63,0,1.96875,75,160),(503,2,48,62,1,1.29167,91,160),(504,0,75,30,2,0.4,93,160),(505,4,44,70,0,1.59091,95,161),(506,2,57,46,1,0.807018,76,161),(507,0,64,49,2,0.765625,58,161),(508,4,41,72,0,1.7561,97,162),(509,2,49,55,1,1.12245,77,162),(510,0,76,39,2,0.513158,74,162),(511,4,38,71,0,1.86842,54,163),(512,2,47,64,1,1.3617,82,163),(513,0,84,34,2,0.404762,85,163),(514,4,34,66,0,1.94118,55,164),(515,2,44,59,1,1.34091,88,164),(516,0,79,32,2,0.405063,89,164),(517,2,56,58,1,1.03571,56,165),(518,4,50,69,0,1.38,64,165),(519,0,69,48,2,0.695652,92,165),(520,4,40,77,0,1.925,60,166),(521,2,57,56,1,0.982456,65,166),(522,0,77,41,2,0.532468,61,166),(523,4,44,61,0,1.38636,62,167),(524,2,54,52,1,0.962963,72,167),(525,0,64,49,2,0.765625,83,167),(526,4,39,70,0,1.79487,69,168),(527,0,74,51,2,0.689189,57,168),(528,2,59,51,1,0.864407,84,168),(529,8,108,137,2,1.26852,87,169),(530,8,98,128,1,1.30612,86,169),(531,4,124,120,3,0.967742,59,169),(532,8,100,142,0,1.42,70,169),(533,2,137,107,4,0.781022,81,169),(534,0,151,84,5,0.556291,52,169),(535,10,106,124,0,1.16981,98,170),(536,4,105,100,3,0.952381,51,170),(537,4,121,115,4,0.950413,66,170),(538,4,103,112,2,1.08738,75,170),(539,0,145,91,5,0.627586,91,170),(540,8,100,138,1,1.38,67,170),(541,6,83,105,2,1.26506,96,171),(542,4,104,96,3,0.923077,63,171),(543,7,113,119,1,1.0531,78,171),(544,1,109,44,5,0.40367,90,171),(545,10,80,134,0,1.675,80,171),(546,2,110,101,4,0.918182,68,171),(547,8,96,124,1,1.29167,94,172),(548,4,114,99,3,0.868421,73,172),(549,2,141,95,4,0.673759,79,172),(550,0,148,92,5,0.621622,93,172),(551,10,95,144,0,1.51579,71,172),(552,6,89,129,2,1.44944,53,172),(553,8,116,124,1,1.06897,95,173),(554,8,87,158,0,1.81609,54,173),(555,0,170,95,5,0.558824,64,173),(556,6,123,127,3,1.03252,62,173),(557,6,114,139,2,1.2193,82,173),(558,2,137,104,4,0.759124,77,173),(559,2,142,111,4,0.78169,97,174),(560,10,80,143,0,1.7875,55,174),(561,6,134,129,2,0.962687,60,174),(562,4,135,113,3,0.837037,69,174),(563,8,95,155,1,1.63158,88,174),(564,0,167,102,5,0.610778,56,174),(565,6,138,137,1,0.992754,58,175),(566,4,145,144,4,0.993103,85,175),(567,4,135,144,3,1.06667,92,175),(568,2,153,130,5,0.849673,83,175),(569,8,121,147,0,1.21488,65,175),(570,6,146,136,2,0.931507,84,175),(571,4,152,133,3,0.875,74,176),(572,3,163,123,4,0.754601,89,176),(573,8,139,181,1,1.30216,61,176),(574,1,174,111,5,0.637931,57,176),(575,6,121,143,2,1.18182,72,176),(576,8,116,174,0,1.5,76,176),(577,2,41,51,0,1.2439,102,177),(578,2,50,43,2,0.86,107,177),(579,2,53,50,1,0.943396,122,177),(580,2,62,48,1,0.774194,112,178),(581,4,41,69,0,1.68293,113,178),(582,0,59,45,2,0.762712,124,178),(583,2,48,45,1,0.9375,116,179),(584,4,36,67,0,1.86111,119,179),(585,0,61,33,2,0.540984,142,179),(586,4,34,71,0,2.08823,136,180),(587,2,46,54,1,1.17391,126,180),(588,0,78,33,2,0.423077,146,180),(589,2,47,61,0,1.29787,148,181),(590,2,52,50,1,0.961538,131,181),(591,2,61,49,2,0.803279,109,181),(592,4,39,54,0,1.38461,103,182),(593,0,59,37,2,0.627119,105,182),(594,2,43,50,1,1.16279,128,182),(595,2,41,54,1,1.31707,104,183),(596,4,47,60,0,1.2766,114,183),(597,0,65,39,2,0.6,110,183),(598,4,36,69,0,1.91667,106,184),(599,0,70,37,2,0.528571,121,184),(600,2,50,50,1,1,117,184),(601,4,35,75,0,2.14286,118,185),(602,0,67,45,2,0.671642,140,185),(603,2,63,45,1,0.714286,145,185),(604,4,38,76,0,2,123,186),(605,1,63,51,1,0.809524,143,186),(606,1,69,43,2,0.623188,101,186),(607,2,53,59,1,1.11321,127,187),(608,4,55,57,0,1.03636,144,187),(609,0,61,53,2,0.868852,111,187),(610,4,40,55,0,1.375,129,188),(611,0,54,40,2,0.740741,147,188),(612,2,50,49,1,0.98,120,188),(613,2,60,63,1,1.05,132,189),(614,0,67,56,2,0.835821,108,189),(615,4,58,66,0,1.13793,125,189),(616,4,34,62,0,1.82353,135,190),(617,2,48,53,1,1.10417,115,190),(618,0,67,34,2,0.507463,141,190),(619,4,58,63,0,1.08621,137,191),(620,0,71,49,2,0.690141,133,191),(621,2,53,70,1,1.32075,130,191),(622,4,37,90,0,2.43243,139,192),(623,2,64,61,1,0.953125,138,192),(624,0,88,38,2,0.431818,134,192),(625,8,113,130,1,1.15044,102,193),(626,10,101,150,0,1.48515,119,193),(627,4,126,115,3,0.912698,148,193),(628,5,125,120,2,0.96,114,193),(629,0,131,95,5,0.725191,104,193),(630,3,133,119,4,0.894737,128,193),(631,8,131,129,1,0.984733,113,194),(632,10,89,171,0,1.92135,136,194),(633,0,125,103,5,0.824,103,194),(634,6,120,133,2,1.10833,106,194),(635,4,143,108,3,0.755245,126,194),(636,2,148,112,4,0.756757,117,194),(637,4,122,106,3,0.868852,107,195),(638,8,103,124,1,1.20388,142,195),(639,6,128,115,2,0.898438,109,195),(640,0,125,98,5,0.784,110,195),(641,2,117,113,4,0.965812,131,195),(642,10,102,141,0,1.38235,116,195),(643,0,142,106,5,0.746479,124,196),(644,8,132,133,1,1.00758,146,196),(645,2,151,114,4,0.754967,105,196),(646,6,121,143,2,1.18182,121,196),(647,10,99,155,0,1.56566,122,196),(648,4,126,120,3,0.952381,112,196),(649,8,115,169,0,1.46957,118,197),(650,6,121,155,2,1.28099,144,197),(651,0,189,113,5,0.597884,125,197),(652,4,166,128,4,0.771084,137,197),(653,8,120,156,1,1.3,130,197),(654,4,148,138,3,0.932432,115,197),(655,6,88,101,2,1.14773,123,198),(656,6,117,142,1,1.21368,129,198),(657,10,88,140,0,1.59091,135,198),(658,2,134,133,4,0.992537,139,198),(659,4,105,107,3,1.01905,127,198),(660,0,180,89,5,0.494444,132,198),(661,0,160,124,5,0.775,140,199),(662,9,114,163,0,1.42982,111,199),(663,6,135,139,3,1.02963,108,199),(664,2,167,111,4,0.664671,133,199),(665,6,130,151,2,1.16154,120,199),(666,7,135,153,1,1.13333,145,199),(667,2,161,125,5,0.776398,101,200),(668,4,122,133,3,1.09016,147,200),(669,6,156,137,2,0.878205,141,200),(670,2,155,131,4,0.845161,134,200),(671,6,120,140,1,1.16667,138,200),(672,10,98,146,0,1.4898,143,200),(769,2,38,53,1,1.39474,174,233),(770,0,61,32,2,0.52459,170,233),(771,4,40,54,0,1.35,169,233),(772,0,0,0,1,1,175,234),(773,0,34,14,2,0.411765,151,234),(774,2,14,34,0,2.42857,173,234),(775,0,60,43,2,0.716667,191,235),(776,4,47,54,0,1.14894,153,235),(777,2,49,59,1,1.20408,176,235),(778,2,21,32,0,1.52381,187,236),(779,0,0,0,1,1,154,236),(780,0,32,21,2,0.65625,184,236),(781,4,38,56,0,1.47368,188,237),(782,2,51,52,1,1.01961,155,237),(783,0,61,42,2,0.688525,190,237),(784,4,28,76,0,2.71429,196,238),(785,2,67,46,1,0.686567,160,238),(786,0,72,45,2,0.625,150,238),(787,3,50,55,1,1.1,149,239),(788,3,47,56,0,1.19149,161,239),(789,0,61,47,2,0.770492,162,239),(790,0,0,0,1,1,163,240),(791,2,21,26,0,1.2381,168,240),(792,0,26,21,2,0.807692,166,240),(793,4,40,76,0,1.9,171,241),(794,0,84,30,2,0.357143,172,241),(795,2,49,67,1,1.36735,178,241),(796,2,57,54,1,0.947368,177,242),(797,4,36,68,0,1.88889,179,242),(798,0,72,43,2,0.597222,192,242),(799,3,49,69,1,1.40816,183,243),(800,3,33,59,0,1.78788,180,243),(801,0,76,30,2,0.394737,195,243),(802,0,56,32,2,0.571429,189,244),(803,2,37,48,1,1.2973,182,244),(804,4,37,50,0,1.35135,164,244),(805,4,34,78,0,2.29412,193,245),(806,1,67,51,1,0.761194,197,245),(807,1,71,43,2,0.605634,181,245),(808,2,51,56,1,1.09804,152,246),(809,4,49,66,0,1.34694,157,246),(810,0,70,48,2,0.685714,185,246),(811,4,31,67,0,2.16129,156,247),(812,2,57,54,1,0.947368,159,247),(813,0,72,39,2,0.541667,194,247),(814,2,49,68,1,1.38776,158,248),(815,4,46,77,0,1.67391,167,248),(816,0,88,38,2,0.431818,186,248),(961,10,83,147,0,1.77108,169,273),(962,4,131,122,3,0.931298,153,273),(963,8,100,138,1,1.38,188,273),(964,2,142,109,4,0.767606,161,273),(965,0,159,101,5,0.63522,149,273),(966,6,125,123,2,0.984,176,273),(967,4,112,113,2,1.00893,173,274),(968,4,121,106,3,0.876033,187,274),(969,10,94,129,0,1.37234,196,274),(970,2,117,99,4,0.846154,168,274),(971,8,95,125,1,1.31579,174,274),(972,2,137,104,5,0.759124,155,274),(973,10,69,112,0,1.62319,170,275),(974,2,98,88,4,0.897959,191,275),(975,8,79,100,1,1.26582,190,275),(976,6,92,85,2,0.923913,162,275),(977,4,91,94,3,1.03297,160,275),(978,0,50,0,5,0,163,275),(979,6,74,93,2,1.25676,151,276),(980,8,68,101,0,1.48529,184,276),(981,8,80,93,1,1.1625,150,276),(982,4,73,78,3,1.06849,166,276),(983,0,30,0,4,0,175,276),(984,0,40,0,5,0,154,276),(985,10,106,148,0,1.39623,171,277),(986,4,114,86,4,0.754386,180,277),(987,8,84,137,1,1.63095,193,277),(988,4,100,100,2,1,156,277),(989,4,103,88,3,0.854369,183,277),(990,0,72,20,5,0.277778,178,277),(991,6,97,128,2,1.31959,179,278),(992,6,89,113,3,1.26966,164,278),(993,0,146,85,5,0.582192,157,278),(994,2,133,103,4,0.774436,167,278),(995,9,109,127,0,1.16514,158,278),(996,7,112,130,1,1.16071,182,278),(997,8,134,167,1,1.24627,172,279),(998,4,148,156,3,1.05405,195,279),(999,0,201,135,5,0.671642,181,279),(1000,6,149,154,2,1.03356,194,279),(1001,8,124,181,0,1.45968,152,279),(1002,4,171,134,4,0.783626,159,279),(1003,4,113,102,3,0.902655,192,280),(1004,10,89,164,0,1.8427,189,280),(1005,4,143,129,4,0.902098,185,280),(1006,0,118,62,5,0.525424,186,280),(1007,6,136,129,2,0.948529,177,280),(1008,6,112,125,1,1.11607,197,280),(2055,2,50,56,1,1.12,2014,2051),(2056,4,42,67,0,1.59524,2027,2051),(2057,0,70,39,2,0.557143,2037,2051),(2062,2,52,53,1,1.01923,2046,2058),(2063,2,49,55,0,1.12245,2035,2058),(2064,2,57,50,2,0.877193,2040,2058),(2069,4,44,63,0,1.43182,2015,2065),(2070,0,64,48,2,0.75,2013,2065),(2071,2,55,52,1,0.945455,2048,2065),(2076,4,38,58,0,1.52632,2022,2072),(2077,2,57,49,1,0.859649,2016,2072),(2078,0,60,48,2,0.8,2004,2072),(2083,4,51,62,0,1.21569,2025,2079),(2084,0,74,44,2,0.594595,2020,2079),(2085,2,46,65,1,1.41304,2006,2079),(2090,4,35,69,0,1.97143,49,2086),(2091,2,60,51,1,0.85,2024,2086),(2092,0,68,43,2,0.632353,2007,2086),(2097,2,40,51,1,1.275,2008,2093),(2098,4,33,51,0,1.54545,2033,2093),(2099,0,54,25,2,0.462963,2011,2093),(2104,4,43,54,0,1.25581,2021,2100),(2105,2,50,56,1,1.12,2036,2100),(2106,0,61,44,2,0.721311,2026,2100),(2111,2,53,52,1,0.981132,2028,2107),(2112,4,43,58,0,1.34884,2041,2107),(2113,0,54,40,2,0.740741,2019,2107),(2118,4,36,91,0,2.52778,2030,2114),(2119,2,64,65,1,1.01562,2042,2114),(2120,0,92,36,2,0.391304,2029,2114),(2125,4,41,65,0,1.58537,2043,2121),(2126,1,60,48,1,0.8,50,2121),(2127,1,59,47,2,0.79661,2031,2121),(2132,4,49,71,0,1.44898,2044,2128),(2133,2,62,60,1,0.967742,2005,2128),(2134,0,68,48,2,0.705882,2003,2128),(2139,4,37,65,0,1.75676,2045,2135),(2140,2,55,58,1,1.05455,2009,2135),(2141,0,66,35,2,0.530303,2038,2135),(2146,4,39,78,0,2,2049,2142),(2147,0,78,42,2,0.538462,2010,2142),(2148,2,61,58,1,0.95082,2032,2142),(2153,2,44,72,1,1.63636,2023,2149),(2154,4,30,73,0,2.43333,2012,2149),(2155,0,93,22,2,0.236559,2039,2149),(2160,2,49,55,1,1.12245,2034,2156),(2161,4,40,62,0,1.55,2018,2156),(2162,0,66,38,2,0.575758,2047,2156),(2180,5,121,131,2,1.08264,2027,2164),(2181,7,116,137,1,1.18103,2015,2164),(2182,2,152,111,4,0.730263,2025,2164),(2183,5,118,119,3,1.00847,2033,2164),(2184,1,145,105,5,0.724138,2006,2164),(2185,10,102,151,0,1.48039,2014,2164),(2202,10,83,144,0,1.73494,2035,2186),(2203,8,95,131,1,1.37895,2022,2186),(2204,6,109,118,2,1.08257,49,2186),(2205,4,122,111,3,0.909836,2021,2186),(2206,2,138,94,4,0.681159,2008,2186),(2207,0,141,90,5,0.638298,2036,2186),(2224,2,157,111,5,0.707006,2037,2208),(2225,4,145,112,3,0.772414,2013,2208),(2226,3,133,112,4,0.842105,2020,2208),(2227,4,139,120,2,0.863309,2011,2208),(2228,10,85,172,0,2.02353,2046,2208),(2229,7,110,142,1,1.29091,2016,2208),(2246,10,87,173,0,1.98851,2040,2230),(2247,6,124,122,2,0.983871,2004,2230),(2248,2,158,122,4,0.772152,2007,2230),(2249,2,153,105,5,0.686275,2026,2230),(2250,8,116,132,1,1.13793,2048,2230),(2251,2,136,120,3,0.882353,2024,2230),(2268,4,119,108,4,0.907563,2041,2252),(2269,4,136,122,5,0.897059,2043,2252),(2270,6,131,128,1,0.977099,2045,2252),(2271,7,117,139,0,1.18803,2012,2252),(2272,5,110,125,2,1.13636,2023,2252),(2273,4,127,118,3,0.929134,2009,2252),(2290,10,100,169,0,1.69,2030,2274),(2291,4,139,128,3,0.920863,2044,2274),(2292,5,116,132,2,1.13793,2049,2274),(2293,7,104,134,1,1.28846,2018,2274),(2294,4,136,125,4,0.919118,2034,2274),(2295,0,191,98,5,0.513089,2042,2274),(2312,2,135,124,4,0.918519,2019,2296),(2313,4,139,120,3,0.863309,2031,2296),(2314,6,133,135,2,1.01504,2038,2296),(2315,2,160,105,5,0.65625,2039,2296),(2316,6,129,153,1,1.18605,2028,2296),(2317,10,101,160,0,1.58416,2032,2296),(2334,0,206,116,5,0.563107,2029,2318),(2335,4,119,145,3,1.21849,2003,2318),(2336,2,161,113,4,0.701863,2010,2318),(2337,6,134,144,2,1.07463,2047,2318),(2338,10,125,172,0,1.376,2005,2318),(2339,8,120,175,1,1.45833,50,2318),(2571,4,33,63,0,1.90909,2410,2567),(2572,2,51,49,1,0.960784,2428,2567),(2573,0,67,39,2,0.58209,2403,2567),(2578,2,54,48,1,0.888889,2425,2574),(2579,4,43,64,0,1.48837,2440,2574),(2580,0,63,48,2,0.761905,2409,2574),(2585,4,39,56,0,1.4359,2419,2581),(2586,2,44,54,1,1.22727,2441,2581),(2587,0,66,39,2,0.590909,2416,2581),(2592,4,40,60,0,1.5,2424,2588),(2593,0,56,40,2,0.714286,2413,2588),(2594,2,54,50,1,0.925926,2427,2588),(2599,2,46,53,0,1.15217,2443,2595),(2600,2,58,50,2,0.862069,2414,2595),(2601,2,50,51,1,1.02,2429,2595),(2606,2,36,52,0,1.44444,2401,2602),(2607,2,49,45,1,0.918367,2417,2602),(2608,2,56,44,2,0.785714,2433,2602),(2613,2,40,60,1,1.5,2418,2609),(2614,4,45,60,0,1.33333,2432,2609),(2615,0,72,37,2,0.513889,2434,2609),(2620,0,58,45,2,0.775862,2422,2616),(2621,4,47,63,0,1.34043,2437,2616),(2622,2,56,53,1,0.946429,2435,2616),(2627,4,36,62,0,1.72222,2442,2623),(2628,0,66,46,2,0.69697,2411,2623),(2629,2,55,49,1,0.890909,2421,2623),(2634,4,34,69,0,2.02941,2447,2630),(2635,0,78,31,2,0.397436,2431,2630),(2636,2,49,61,1,1.2449,2423,2630),(2641,2,60,50,1,0.833333,2449,2637),(2642,0,75,38,2,0.506667,2446,2637),(2643,4,29,76,0,2.62069,2436,2637),(2648,2,56,50,1,0.892857,2406,2644),(2649,4,47,60,0,1.2766,2404,2644),(2650,0,59,52,2,0.881356,2438,2644),(2655,4,41,62,0,1.51219,2412,2651),(2656,2,59,49,1,0.830508,2405,2651),(2657,0,56,45,2,0.803571,2450,2651),(2662,4,32,76,0,2.375,2430,2658),(2663,2,57,63,1,1.10526,2408,2658),(2664,0,84,34,2,0.404762,2451,2658),(2669,2,36,61,1,1.69444,2439,2665),(2670,4,31,56,0,1.80645,2415,2665),(2671,0,73,23,2,0.315068,2426,2665),(2676,4,20,44,0,2.2,2407,2672),(2677,2,29,35,1,1.2069,2420,2672),(2678,0,30,0,2,0,2444,2672),(2696,10,78,156,0,2,2410,2680),(2697,7,113,117,1,1.0354,2419,2680),(2698,6,119,127,2,1.06723,2443,2680),(2699,2,148,104,4,0.702703,2432,2680),(2700,5,113,124,3,1.09735,2418,2680),(2701,0,156,99,5,0.634615,2429,2680),(2718,8,108,127,1,1.17593,2440,2702),(2719,8,107,135,0,1.26168,2424,2702),(2720,6,101,118,2,1.16832,2401,2702),(2721,4,112,106,3,0.946429,2437,2702),(2722,3,118,114,4,0.966102,2441,2702),(2723,1,154,100,5,0.649351,2428,2702),(2740,8,104,128,1,1.23077,2403,2724),(2741,2,136,110,4,0.808824,2416,2724),(2742,10,77,169,0,2.1948,2414,2724),(2743,0,176,86,5,0.488636,2434,2724),(2744,4,132,132,3,1,2435,2724),(2745,6,119,119,2,1,2417,2724),(2762,1,124,114,5,0.919355,2409,2746),(2763,7,118,120,2,1.01695,2413,2746),(2764,4,139,127,3,0.913669,2433,2746),(2765,8,115,127,0,1.10435,2422,2746),(2766,3,129,122,4,0.945736,2427,2746),(2767,7,124,139,1,1.12097,2425,2746),(2784,2,111,109,4,0.981982,2442,2768),(2785,10,88,151,0,1.71591,2436,2768),(2786,8,83,151,1,1.81928,2412,2768),(2787,4,128,102,3,0.796875,2415,2768),(2788,6,119,128,2,1.07563,2439,2768),(2789,0,186,74,5,0.397849,2420,2768),(2806,8,93,133,1,1.43011,2447,2790),(2807,6,101,119,2,1.17822,2404,2790),(2808,10,81,143,0,1.76543,2430,2790),(2809,0,125,0,5,0,2407,2790),(2810,4,103,112,3,1.08738,2423,2790),(2811,2,122,118,4,0.967213,2408,2790),(2828,6,105,138,1,1.31429,2411,2812),(2829,4,119,129,4,1.08403,2446,2812),(2830,8,95,145,0,1.52632,2450,2812),(2831,0,125,0,5,0,2426,2812),(2832,6,94,107,3,1.1383,2406,2812),(2833,6,105,124,2,1.18095,2449,2812),(2850,2,147,123,4,0.836735,2431,2834),(2851,8,100,163,1,1.63,2438,2834),(2852,4,142,118,3,0.830986,2451,2834),(2853,0,125,0,5,0,2444,2834),(2854,6,117,128,2,1.09402,2421,2834),(2855,10,84,183,0,2.17857,2405,2834),(4394,4,47,51,0,1.08511,4341,4390),(4395,0,50,46,2,0.92,4363,4390),(4396,2,51,51,1,1,4366,4390),(4401,2,42,57,1,1.35714,4348,4397),(4402,4,32,63,0,1.96875,4365,4397),(4403,0,72,26,2,0.361111,4372,4397),(4408,4,47,54,0,1.14894,4368,4404),(4409,0,57,44,2,0.77193,4371,4404),(4410,2,45,51,1,1.13333,4373,4404),(4415,4,43,68,0,1.5814,4378,4411),(4416,2,61,55,1,0.901639,4380,4411),(4417,0,62,43,2,0.693548,4377,4411),(4422,4,35,56,0,1.6,4354,4418),(4423,2,52,46,1,0.884615,4349,4418),(4424,0,56,41,2,0.732143,4381,4418),(4429,4,40,65,0,1.625,4382,4425),(4430,0,68,41,2,0.602941,4358,4425),(4431,2,54,56,1,1.03704,4346,4425),(4436,2,57,44,1,0.77193,4345,4432),(4437,0,60,48,2,0.8,4360,4432),(4438,4,41,66,0,1.60976,4347,4432),(4443,2,49,56,1,1.14286,4362,4439),(4444,4,50,59,0,1.18,4361,4439),(4445,0,63,47,2,0.746032,4356,4439),(4450,4,38,57,0,1.5,4359,4446),(4451,2,56,47,1,0.839286,4364,4446),(4452,0,56,46,2,0.821429,4357,4446),(4457,4,40,50,0,1.25,4367,4453),(4458,1,49,41,2,0.836735,4369,4453),(4459,1,51,49,1,0.960784,4375,4453),(4464,0,78,35,2,0.448718,4376,4460),(4465,4,43,66,0,1.53488,4384,4460),(4466,2,41,61,1,1.4878,4383,4460),(4471,2,59,57,1,0.966102,4385,4467),(4472,4,46,71,0,1.54348,4386,4467),(4473,0,69,46,2,0.666667,4387,4467),(4478,2,35,58,1,1.65714,4343,4474),(4479,4,36,68,0,1.88889,4388,4474),(4480,0,80,25,2,0.3125,4355,4474),(4485,1,52,43,1,0.826923,4344,4481),(4486,1,58,44,2,0.758621,4342,4481),(4487,4,35,58,0,1.65714,4370,4481),(4492,2,54,46,1,0.851852,4352,4488),(4493,4,32,75,0,2.34375,4350,4488),(4494,0,71,36,2,0.507042,4374,4488),(4499,2,38,68,1,1.78947,4353,4495),(4500,4,36,66,0,1.83333,4351,4495),(4501,0,90,30,2,0.333333,4379,4495),(4519,6,115,133,3,1.15652,4341,4503),(4520,8,109,130,0,1.19266,4368,4503),(4521,6,97,125,2,1.28866,4354,4503),(4522,0,149,90,5,0.604027,4347,4503),(4523,8,110,125,1,1.13636,4348,4503),(4524,2,129,106,4,0.821705,4373,4503),(4541,8,109,145,1,1.33028,4365,4525),(4542,10,109,155,0,1.42202,4378,4525),(4543,6,114,133,2,1.16667,4382,4525),(4544,4,131,126,3,0.961832,4361,4525),(4545,2,142,113,4,0.795775,4362,4525),(4546,0,160,93,5,0.58125,4346,4525),(4563,10,101,139,0,1.37624,4363,4547),(4564,6,120,114,2,0.95,4371,4547),(4565,2,127,115,4,0.905512,4381,4547),(4566,6,123,121,1,0.98374,4360,4547),(4567,4,128,124,3,0.96875,4366,4547),(4568,2,128,114,5,0.890625,4349,4547),(4585,4,130,120,3,0.923077,4372,4569),(4586,2,125,120,4,0.96,4377,4569),(4587,6,134,120,2,0.895522,4358,4569),(4588,6,128,138,1,1.07812,4356,4569),(4589,10,103,158,0,1.53398,4380,4569),(4590,2,150,114,5,0.76,4345,4569),(4607,8,114,135,1,1.18421,4359,4591),(4608,4,136,118,3,0.867647,4384,4591),(4609,10,98,154,0,1.57143,4388,4591),(4610,0,150,109,5,0.726667,4350,4591),(4611,6,137,127,2,0.927007,4353,4591),(4612,2,130,122,4,0.938462,4383,4591),(4629,8,99,150,1,1.51515,4367,4613),(4630,2,159,118,4,0.742138,4386,4613),(4631,10,95,155,0,1.63158,4370,4613),(4632,4,128,126,3,0.984375,4351,4613),(4633,6,118,126,2,1.0678,4343,4613),(4634,0,172,96,5,0.55814,4385,4613),(4651,10,117,167,0,1.42735,4357,4635),(4652,6,130,147,2,1.13077,4376,4635),(4653,4,141,131,3,0.929078,4355,4635),(4654,2,162,113,4,0.697531,4374,4635),(4655,0,166,118,5,0.710843,4352,4635),(4656,8,124,164,1,1.32258,4375,4635),(4673,4,132,122,3,0.924242,4369,4657),(4674,2,138,126,4,0.913043,4387,4657),(4675,10,100,150,0,1.5,4342,4657),(4676,2,173,110,5,0.635838,4379,4657),(4677,8,109,152,1,1.3945,4364,4657),(4678,4,141,133,2,0.943262,4344,4657),(10055,4,38,59,0,1.55263,10004,10051),(10056,2,57,52,1,0.912281,10025,10051),(10057,0,64,48,2,0.75,10012,10051),(10062,4,42,69,0,1.64286,10040,10058),(10063,1,61,49,1,0.803279,10030,10058),(10064,1,64,49,2,0.765625,10013,10058),(10069,4,41,65,0,1.58537,10044,10065),(10070,2,57,52,1,0.912281,10031,10065),(10071,0,60,41,2,0.683333,10014,10065),(10076,4,41,64,0,1.56098,10010,10072),(10077,2,58,52,1,0.896552,10032,10072),(10078,0,62,45,2,0.725806,10016,10072),(10083,2,51,51,1,1,10011,10079),(10084,4,40,72,0,1.8,10033,10079),(10085,0,70,38,2,0.542857,10038,10079),(10090,0,54,43,2,0.796296,10019,10086),(10091,2,52,50,1,0.961538,10037,10086),(10092,4,45,58,0,1.28889,10039,10086),(10097,2,48,44,1,0.916667,10022,10093),(10098,2,41,50,0,1.21951,10049,10093),(10099,2,48,43,2,0.895833,10043,10093),(10104,4,39,70,0,1.79487,10023,10100),(10105,2,52,56,1,1.07692,10005,10100),(10106,0,72,37,2,0.513889,10047,10100),(10111,2,55,50,1,0.909091,10003,10107),(10112,4,37,61,0,1.64865,10045,10107),(10113,0,59,40,2,0.677966,10009,10107),(10118,2,14,36,0,2.57143,10007,10114),(10119,0,0,0,1,1,10046,10114),(10120,0,36,14,2,0.388889,10020,10114),(10125,4,38,57,0,1.5,10008,10121),(10126,0,56,47,2,0.839286,10048,10121),(10127,2,54,44,1,0.814815,10021,10121),(10132,4,44,60,0,1.36364,10018,10128),(10133,2,46,61,1,1.32609,10015,10128),(10134,0,74,43,2,0.581081,10024,10128),(10139,4,35,62,0,1.77143,10027,10135),(10140,0,58,41,2,0.706897,10017,10135),(10141,2,57,47,1,0.824561,10026,10135),(10146,2,52,61,1,1.17308,10035,10142),(10147,4,39,69,0,1.76923,10028,10142),(10148,0,74,35,2,0.472973,10034,10142),(10153,4,37,73,0,1.97297,10041,10149),(10154,2,56,57,1,1.01786,10029,10149),(10155,0,75,38,2,0.506667,10036,10149),(10160,4,31,72,0,2.32258,10042,10156),(10161,2,47,59,1,1.25532,10002,10156),(10162,0,80,27,2,0.3375,10006,10156),(10180,8,94,172,1,1.82979,10004,10164),(10181,10,105,149,0,1.41905,10044,10164),(10182,4,132,118,3,0.893939,10033,10164),(10183,2,148,97,4,0.655405,10049,10164),(10184,6,127,131,2,1.0315,10005,10164),(10185,0,160,99,5,0.61875,10037,10164),(10202,8,105,153,0,1.45714,10040,10186),(10203,8,105,144,1,1.37143,10010,10186),(10204,2,140,106,4,0.757143,10039,10186),(10205,4,129,124,3,0.96124,10023,10186),(10206,0,160,89,5,0.55625,10011,10186),(10207,8,116,139,2,1.19828,10022,10186),(10224,2,116,86,4,0.741379,10012,10208),(10225,8,112,116,1,1.03571,10014,10208),(10226,0,131,99,5,0.755725,10038,10208),(10227,7,94,127,2,1.35106,10043,10208),(10228,9,107,133,0,1.24299,10031,10208),(10229,4,120,119,3,0.991667,10032,10208),(10246,7,113,131,1,1.15929,10013,10230),(10247,0,147,109,5,0.741497,10016,10230),(10248,3,129,107,4,0.829457,10019,10230),(10249,4,136,117,3,0.860294,10047,10230),(10250,10,107,150,0,1.40187,10025,10230),(10251,6,124,142,2,1.14516,10030,10230),(10268,10,98,144,0,1.46939,10045,10252),(10269,2,123,111,3,0.902439,10008,10252),(10270,2,144,121,4,0.840278,10027,10252),(10271,8,98,131,1,1.33674,10041,10252),(10272,6,110,132,2,1.2,10015,10252),(10273,2,177,111,5,0.627119,10035,10252),(10290,10,103,152,0,1.47573,10007,10274),(10291,6,113,121,2,1.0708,10018,10274),(10292,0,183,88,5,0.480874,10028,10274),(10293,8,91,154,1,1.69231,10042,10274),(10294,2,138,116,4,0.84058,10002,10274),(10295,4,126,123,3,0.97619,10029,10274),(10312,10,108,157,0,1.4537,10009,10296),(10313,8,138,154,1,1.11594,10048,10296),(10314,2,143,130,4,0.909091,10017,10296),(10315,0,182,114,5,0.626374,10036,10296),(10316,4,130,139,3,1.06923,10003,10296),(10317,6,126,133,2,1.05556,10021,10296),(10334,6,107,118,3,1.1028,10020,10318),(10335,6,97,125,2,1.28866,10024,10318),(10336,4,108,112,4,1.03704,10034,10318),(10337,6,102,139,1,1.36275,10006,10318),(10338,8,94,142,0,1.51064,10026,10318),(10339,0,128,0,5,0,10046,10318);
/*!40000 ALTER TABLE `standing` ENABLE KEYS */;
UNLOCK TABLES;

--
-- Table structure for table `team`
--

DROP TABLE IF EXISTS `team`;
/*!40101 SET @saved_cs_client     = @@character_set_client */;
/*!50503 SET character_set_client = utf8mb4 */;
CREATE TABLE `team` (
  `id` bigint NOT NULL AUTO_INCREMENT,
  `level` int DEFAULT NULL,
  `name` varchar(255) COLLATE utf8mb4_unicode_ci DEFAULT NULL,
  `tournament_id` bigint DEFAULT NULL,
  `contact_person` varchar(255) COLLATE utf8mb4_unicode_ci DEFAULT NULL,
  `email` varchar(255) COLLATE utf8mb4_unicode_ci DEFAULT NULL,
  `phone_number` varchar(255) COLLATE utf8mb4_unicode_ci DEFAULT NULL,
  PRIMARY KEY (`id`),
  KEY `FKpyo6uq99yep4x5hj1ulkwpvso` (`tournament_id`),
  CONSTRAINT `FKpyo6uq99yep4x5hj1ulkwpvso` FOREIGN KEY (`tournament_id`) REFERENCES `tournament` (`id`) ON DELETE RESTRICT ON UPDATE RESTRICT
) ENGINE=InnoDB AUTO_INCREMENT=10050 DEFAULT CHARSET=utf8mb4 COLLATE=utf8mb4_unicode_ci;
/*!40101 SET character_set_client = @saved_cs_client */;

--
-- Dumping data for table `team`
--

LOCK TABLES `team` WRITE;
/*!40000 ALTER TABLE `team` DISABLE KEYS */;
INSERT INTO `team` VALUES (1,8,'How I set your mother',1,'Justine Saint Hilaire','Justine.sainthilaire@gmail.com','50117519'),(2,7,'The Shameless',1,NULL,NULL,NULL),(3,4,'CFB',1,NULL,NULL,NULL),(4,9,'Awesome',1,NULL,NULL,NULL),(5,6,'Smooth Criminals',1,NULL,NULL,NULL),(6,3,'Summer Shlag',1,NULL,NULL,NULL),(7,3,'The anniversary',1,NULL,NULL,NULL),(8,7,'In 10 minutes free beers thanks to Justine',1,NULL,NULL,NULL),(9,3,'ST U-lige',1,NULL,NULL,NULL),(10,3,'TåsingeBoozers',1,NULL,NULL,NULL),(11,4,'CROQUETAS',1,NULL,NULL,NULL),(12,7,'Nie umiem tego przeczytać',1,NULL,NULL,NULL),(13,8,'The cow in the parking lot',1,NULL,NULL,NULL),(14,9,'AVK Allstars',1,NULL,NULL,NULL),(15,4,'KK401',1,NULL,NULL,NULL),(16,3,'KK402',1,NULL,NULL,NULL),(17,10,'I dont care',1,NULL,NULL,NULL),(18,5,'SAS Holdet',1,NULL,NULL,NULL),(19,4,'Team Steven',1,NULL,NULL,NULL),(20,8,'Name coming',1,NULL,NULL,NULL),(21,7,'Sofa So Far',1,NULL,NULL,NULL),(22,7,'Magnetic Lights',1,NULL,NULL,NULL),(23,7,'Blockbusters',1,NULL,NULL,NULL),(24,5,'Oh Hey OK',1,NULL,NULL,NULL),(25,5,'We will POP U',1,NULL,NULL,NULL),(26,6,'Swantastic Four',1,NULL,NULL,NULL),(27,7,'Græskrigerne',1,NULL,NULL,NULL),(28,7,'Betonkrigerne',1,NULL,NULL,NULL),(29,3,'QSA',1,NULL,NULL,NULL),(30,3,'Amager Trash',1,NULL,NULL,NULL),(31,4,'S.W.A.N. Team',1,NULL,NULL,NULL),(32,7,'Rainbow Team',1,NULL,NULL,NULL),(33,7,'Mr. 61',1,NULL,NULL,NULL),(34,7,'Team Andreras',1,NULL,NULL,NULL),(35,5,'Pirates on the beach',1,NULL,NULL,NULL),(36,7,'Beer & Blockfast',1,NULL,NULL,NULL),(37,6,'Vikings (Swansters)',1,'','',''),(38,1,'The best losers',1,NULL,NULL,NULL),(39,7,'USG Centerprise',1,NULL,NULL,NULL),(40,10,'Darm & Stormy',1,NULL,NULL,NULL),(41,5,'Jean-Michel de La Modestie',1,NULL,NULL,NULL),(42,3,'M&Ms 1',1,NULL,NULL,NULL),(43,3,'M&Ms 2',1,NULL,NULL,NULL),(44,8,'Get Drunk or Die Tryin',1,NULL,NULL,NULL),(45,5,'I am Groot',1,NULL,NULL,NULL),(46,5,'Øbro Idræt 1',1,NULL,NULL,NULL),(47,5,'Øbro Idræt 2',1,NULL,NULL,NULL),(48,5,'Øbro Idræt 3',1,NULL,NULL,NULL),(49,8,'MEAT',2000,'Tobi Rose','tobiasvibumrose@gmail.com','23866646'),(50,4,'That\'s what she set',2000,'Mykhaylo Semenov Petrov','mykhasemenov@gmail.com','60909174'),(51,8,'The MEDS',2,'Ioannis Fotidis','ioanf@env.dtu.dk','40975451'),(52,6,'Motherblockers',2,'Silvia Tarantino','sil.tar93@gmail.com','50104475'),(53,10,'I don\'t care!',2,'Guillem Aguilá Calbet','guillemac@live.com','50218367'),(54,5,'Czechoslovakia nr. 1',2,'Pavel','masek@webspeed.dk','28633378'),(55,5,'Czechoslovakia Best',2,'Pavel','masek@webspeed.dk','28633378'),(56,5,'Czechoslovakia Select',2,'Pavel','masek@webspeed.dk','28633378'),(57,3,'CROQUETAS strike back',2,'Pablo Doménech Martínez','pablodomenech@hotmail.com','31325591'),(58,3,'Return of the CROQUETAS',2,'Guillem Rovira Abella','guillemroviraabella@gmail.com','50110390'),(59,8,'Nå, sådan!',2,'Martina Pesavento','martina.pesavento15@gmail.com','50218448'),(60,5,'Smash Bros',2,'Jens Sjørslev Pedersen','jenssjoerslevpedersen@gmail.com','21911023'),(61,2,'United Airlines',2,'Tore Kanstad','tore.kanstad@gmail.com','53678673'),(62,5,'French stones!',2,'Rasmus Katkjær','Rasmus.katkjaer@gmail.com','22121253'),(63,7,'Tingbjerg Rockets!',2,'Mathieu Udriot','s172114@student.dtu.dk','50118829'),(64,4,'Avengers',2,'David Christensen','Daffy2nd@hotmail.com','29910819'),(65,4,'D\'Ama\'r',2,'Ane Bisgaard','ane_bisgaard@hotmail.com','61667269'),(66,8,'The good, the fat, the ugly',2,'Vivi Andersen','Vivsen@Hotmail.com','29927992'),(67,10,'Chrząszczyżewoszyce',2,'Henrik','henrik_da@hotmail.com','81882332'),(68,6,'The A team',2,'Frederik villebro','Frederik-villebro@hotmail.com','40290895'),(69,5,'AVK Mix 2',2,'Philip Tissot','ptissot21@gmail.com','24344855'),(70,8,'Les hurluberlus',2,'Tomek Kaminski','tk.kamyk@gmail.com','91858335'),(71,6,'Summer vibes',2,'Dana-Maria Cobzaru','Dana_cobaru@yahoo.com','52801471'),(72,4,'The human targets',2,'Ale','Am.setti@gmail.com','93877783'),(73,7,'Spicy Twice',2,'Lukasz Bienias','lukaszbienias@gmail.com','50308810'),(74,3,'KK400',2,'Joakim Jakobsen','S134047@student.dtu.dk','20682791'),(75,8,'Fuld-ly Capable',2,'Ben Crowley','bennevis.crowley@gmail.com','53683523'),(76,5,'BlockGain',2,'Elisabeth Andreae','elisabeth.andreae@gmail.com','31211662'),(77,5,'The Smashing Potatoes',2,'Alexandre Voute','alpavo@kemi.dtu.dk','50218737'),(78,7,'The old-timers',2,'Armin Hermes','armin.hermes@gmail.com','91992912'),(79,6,'Last minutes',2,'Hrefna Jónsdóttir','Hrenfa89m@gmail.com','91104606'),(80,7,'Sofa so far',2,'Arnold, Alexandra Toth','alexandra.toth992@gmail.com','-'),(81,7,'Magnetic Lights',2,'Arnold, Alexandra Toth','alexandra.toth992@gmail.com','-'),(82,5,'Team Steven',2,'Christian Holmegaard','c-holmegaard@hotmail.com','60138717'),(83,2,'Team Top Gun Volleyball Scene',2,'Rasmus Lind','berg.lind.dk@gmail.com','20408069'),(84,2,'DTU Thream',2,'Krisztina-Noemi Gali','gali.k.noemi@gmail.com','22502024'),(85,3,'Team Sportstosserne',2,'Caroline','Caroline_s_konring@hotmail.com','23354779'),(86,10,'Darm \'n\' Stormy',2,'Cristina Boschini','cri.boschini@gmail.com','50224802'),(87,8,'Fløde',2,'Simon Kruse','simonkruse0@gmail.com','28404698'),(88,5,'Rocket Science',2,'Lars Sørensen','lasq@live.dk','30516237'),(89,3,'Tell me about it!',2,'Anne Thyssen','annebt_1@hotmail.com','22162334'),(90,6,'Teo de poteo',2,'Daniel López','daniel.lopez.rodriguez10@gmail.com','50310908'),(91,7,'The Grasshoppers',2,'Bianca Maria Sannucci','Weiss.sann1@gmail.com','91927113'),(92,3,'Morritos',2,'Marina','campimpr@gmail.com','0034 625468584'),(93,6,'Steraza',2,'Stine Dahl-Petersen','Stine.dahl@gmail.com','26156676'),(94,8,'You have to be behind to make a comeback',2,'Magnus Kirknel','Magnus_kirknel@hotmail.com','30891707'),(95,6,'Team Falster',2,'Jens Kristian Jørsboe','jk.joersboe@outlook.com','61854813'),(96,7,'Pixies',2,'Diego','digodsr88@gmail.com','52777725'),(97,6,'No idea',2,'George','kaniadakg@gmail.com','42464774'),(98,7,'Basic Team',2,'Alfie Bautista','alfiebautista02@gmail.com','30283884'),(101,3,'FLUGEL',3,'Meike Verhey','meikeverhey@hotmail.com','42656368'),(102,10,'Kaspers Friends ',3,'Kasper Thorsen','per_frimann@hotmail.com','42250088'),(103,8,'RAVI',3,'Vianney','Vianney.courdent@gmail.com ','60904238'),(104,8,'Vodka, Snaps and Ouzo',3,'Łukasz Bienias','lukaszbienias@gmail.com','50108830'),(105,7,'The Incredibles',3,'Marianna Baranska','baranska.marianna@gmail.com','91865916'),(106,8,'Mixies',3,'Alfie Bautista','alfiebautista02@gmail.com','30283884'),(107,8,'Twins and Queens',3,'Ipek Altay','Altayip1994@gmail.com','91864035'),(108,4,'How to make mud bricks',3,'Vasil Aleksandrov','val@unwire.dk; am.setti@gmail.com','-'),(109,6,'Powerpuff Peepz',3,'Julia Boitin','boitinjulia@gmail.com','+4550262687'),(110,5,'We will POP U',3,'Jonas Lambrechtsen','sanoj-l@hotmail.com','40130326'),(111,3,'Early Minutes ',3,'Hrefna Jónsdóttir','hrefna89m@gmail.com','91104606'),(112,10,'I dont care!',3,'Guillem Aguilà','guillemac@live.com','50218367'),(113,8,'Klask! ',3,'Martine ','Kam.martine@gmail.com','52689575'),(114,7,'Build that Wall',3,'Thorbjørn Koch','thorl3joern@gmail.com','30423470'),(115,4,'Surfactants ',3,'Yasmin Mohamed','yasminmohamedh@gmail.com','50288393'),(116,10,'The Hakkel Berry Waffles',3,'Oliver Holst','Oliver.M.Holst@gmail.com','28608954'),(117,5,'Obro Idraet I',3,'Pavel','masek@webspeed.dk','28633378'),(118,5,'Obro Idraet A',3,'Pavel','masek@webspeed.dk','286333780'),(119,8,'TombApic',3,'Arnaud','Ajeglot@gmail.com','50117549'),(120,3,'LACrew',3,'Asier Zugasti','asizzeaso@gmail.com','50313902'),(121,7,'Glitter Babes',3,'Gabriele Brambini','Mr.gabry93@gmail.com','31774080'),(122,7,'blahblah',3,'Thomas Skogemann','skogemon@hotmail.com','26854404'),(123,5,'Rocket Science',3,'Lars Sørensen','lasq@live.dk','30516237'),(124,7,'The Motherblockers',3,'Christian Knudsen','christian.agular7@gmail.com','23895282'),(125,3,'M&Ms',3,'Iñaki','inakiarri@hotmail.com','+4550106449'),(126,8,'Outta-bounds',3,'Tereza Pavlistova','pavlistt@gmail.com','91922190'),(127,5,'Mulle and Mongolerne [Team Bajer]',3,'Peter Sørensen','Pesq@live.dk','30516279'),(128,6,'The rusty spikers',3,'Alexandra Leclerc','alexandra2293@hotmail.com ','91858232'),(129,5,'Pixies',3,'David Saturnin-Meziere','4ad4ever@gmail.com','50581288'),(130,2,'Sterazami',3,'Terese Pagh','teresept@gmail.com','31328874'),(131,8,'Sofa so far',3,'-','valeriebodemeyer@gmail.com','71413446'),(132,5,'The servivors',3,'Marina Puentes','campimpr@gmail.com','+34625468584'),(133,4,'Suricatos',3,'Andrea Quemada','andreaquemada@hotmail.com','+4550101610'),(134,2,'Beginners Deluxe',3,'Gustau Lange','Lundegaardiphone@live.dk','22388224'),(135,5,'High fliers',3,'Nicola Mazzanti','nicmazza87@gmail.com','50334140'),(136,9,'Cereal killers',3,'Jonas','Jonasstage@hotmail.com','28705359'),(137,5,'Saunaklubben',3,'Nicolai Kongensgaard','n.h.kongensgaard@gmail.com','41193021'),(138,4,'Team Cirkel og Firkant',3,'Sophie','sophie.merry.worsoee@gmail.com','+4527821188'),(139,5,'Team Steven',3,'Christian Holmegaard','c-holmegaard@hotmail.com','60138717'),(140,5,'Scarlet Raptors!',3,'Christoffer von der Osten','christoffer1996@live.dk','21276617'),(141,3,'The Vamps',3,'Dana Cobzaru','dana_cobzaru@yahoo.com','52801471'),(142,7,'BallBasser',3,'Magnus Kirknel','magnus_kirknel@hotmail.com','30891707'),(143,5,'Donald Bump',3,'Jens Pedersen','jenssjoerslevpedersen@gmail.com','21911023'),(144,5,'FredSIF',3,'Søren Svanberg','s.svanberg@hotmail.dk','28403104'),(145,4,'Team Honolulu',3,'Kasper Højgaard','khoejgaard25@gmail.com ','61791784'),(146,7,'AVK Mix it',3,'Agi Sosna','Agi.sosna@gmail.com','22670652'),(147,5,'Kaniadakis',3,'Alexandra Karastathi','alex.karastathi@gmail.com','30790236'),(148,9,'Bens Team ',3,'Ben Crowley','bennevis.crowley@gmail.com','-'),(149,8,'Smash it like its HOT',5,'Ipek','Altayip1994@gmail.com','91864035'),(150,6,'Early minutes',5,'Loic Turquety','loic.turquety@gmail.com','49111719'),(151,7,'Nameless',5,'Guille','Guille.sedo@gmail.com','52640379'),(152,5,'SunBlock',5,'Jonas Lambrechtsen','sanoj-l@hotmail.com','40130326'),(153,7,'Rocket Science',5,'Jacob Soerensen','jasq@live.dk','30516257'),(154,7,'NoName',5,'Sólja Jøkladal q','s210264@student.dtu.dk','21165272'),(155,7,'Fadbamserne',5,'Peter Soerensen','pesq@live.dk','30516279'),(156,5,'Munjas and friends',5,'Victor Scherfig','vscherfig@gmail.com','30489116'),(157,4,'Bay Watch',5,'Isabell','Isabell.ghodt@gmail.com','51306158'),(158,5,'InstaSlammers',5,'Mathias Johansen','mathiasjohansen1994@gmail.com','23423578'),(159,4,'LACrew',5,'Asier Zugasti','asizzeaso@gmail.com','50313902'),(160,7,'Team Dive',5,'Janus','janushelbo@msn.com','29912063'),(161,7,'Schmetterlinge',5,'Raphael','s203346@student.dtu.dk','004917639871988'),(162,6,'Disbanded',5,'Joakim Jakobsen','Joakim.haja@gmail.com','20682791'),(163,8,'Blomsterne',5,'Thomas Skogemann','skogemon@hotmail.com','26854404'),(164,3,'Versus',5,'Alessandro Setti','am.setti@gmail.com','93877783'),(166,6,'Sherpa sushi',5,'Melanie Audoin','melanie.audoin@free.fr','55209008'),(167,4,'C-The-Car',5,'Marina Puentes Ruiz','Campimpr@gmail.com','52647609'),(168,7,'That’s the way - aha aha - I spike it',5,'Christian Knudsen ','Christian.agular7@gmail.com','23895282'),(169,7,'Win for the fun ',5,'Quentin Saudan ','tinosaudan@me.com','50184550'),(170,8,'Moderate Smatter',5,'Magnus','Magnus_kirknel@hotmail.com','30891707'),(171,6,'Unicorn, Volleyball, Peace',5,'Vianney','vianney.courdent@gmail.com','60904238'),(172,5,'Volleyball Attack Pack',5,'Javi','javsas@biosustain.dtu.dk','50316532'),(173,7,'Amar Vikings',5,'Agi Sosna','Agi.sosna@gmail.com','22670652'),(174,10,'Merry team',5,'Arnaud','Ajeglot@gmail.com','50117549'),(175,10,'Mglungu and Co',5,'Joakim Engelbrecht','Joakim.engelbrecht@gmail.com','26169692'),(176,7,'Flaunting Tractors',5,'Ali Nouri','Alinouri@outlook.dk','23493688'),(177,6,'Team Prank',5,'Christian Witt','cwitt1999@gmail.com','60680633'),(178,4,'Team Carry',5,'Laura Lomholt','Laura.lomholt@gmail.com','29913926'),(179,5,'Obro Idraet A',5,'Pavel','masek@webspeed.dk','28633378'),(180,5,'Obro Idraet 1',5,'Rasto','masek@webspeed.dk','28633378'),(181,3,'Too hot to handle',5,'Lasse Westphal Nordsteen','lassewestphalnordsteen@gmail.com','20818414'),(182,5,'Pallaschiaffo',5,'Nicola Mazzanti','nicmazza87@gmail.com','50334140'),(183,6,'Flying Pancakes ',5,'Signe Illum','signe.illum@gmail.com','28732099'),(184,7,'Greetalumbia',5,'Nikoleta Kolitsopoulou ','nkolitsopoulou@gmail.com','50116935'),(185,3,'Nathan‘s Block Party',5,'Kristin Engel','Kristin.nonie@gmail.com','52798648'),(186,2,'Team Gingerphro',5,'David Bargum','David.bargum95@gmail.com','42227069'),(187,9,'Big digs, big tips',5,'Felix','felix.pastor@cpr.ku.dk','50215548'),(188,9,'KSVers ',5,'Edward Rojas','edwardcamilo.rojas@gmail.com','52690344'),(189,6,'Dirty Dancing',5,'Irene Gomila Bertazioli','irene.gomila@gmail.com','50222348'),(190,7,'Sexbombs',5,'Tomasz','tk.kamyk@gmail.com','91858335'),(191,10,'Team oekonomisk afhaengige',5,'Kasper Petersen','khpetersen1@icloud.com','42669637'),(192,4,'Balkan swing',5,'Dana Maria Cobzaru','dana_cobzaru@yahoo.com','52801471'),(193,6,'Spritz Aperol',5,'Chiara Zanon','chiara.zanon97@gmail.com','91960304'),(194,3,'Abeborg 1 ',5,'Asger Elung Jensen','Asger1000@gmail.com','30133698'),(195,4,'BioBuilders',5,'Enric','enric525@gmail.com','49112689'),(196,9,'Mostly Harmless',5,'Morten Trolle','mortentrolle@hotmail.com','53656310'),(197,5,'Mamma pack',5,'Sara','sara.marchinu@gmail.com','52648641'),(2003,3,'2 Legit 2 Hit',2000,'Javier Saez','javsas@biosustain.dtu.dk','34633868723'),(2004,6,'Lollipops',2000,'Loic Turquety','adex.gomez8@gmail.com','71481433'),(2005,4,'DTWho',2000,'Isabell Ghodt','isabell.ghodt@gmail.com','51306158'),(2006,6,'Rocket Science',2000,'Jacob Sørensen','jasq@live.dk','30516257'),(2007,6,'F16',2000,'Weronika','weronika.kosowicz@gmail.com','30867180'),(2008,8,'High as a Pipe',2000,'Catarina Weber','catarinaweberbsn@gmail.com','52796532'),(2009,4,'Death At The Net',2000,'Alessandro Cogliati','s202418@student.dtu.dk','91106585'),(2010,4,'De Teknisk Udfordrede ',2000,'Emma Jørgensen','s214248@dtu.dk','42367939'),(2011,6,'Remix',2000,'Camilo Moncada','camilo.mondaca.m@gmail.com','52797039'),(2012,4,'Pretty Little Hitters',2000,'Henrik Drost','henrik.drostalmar@gmail.com','31525405'),(2013,7,'Pi-Geons',2000,'Jean Delair','jean.delair22@gmail.com','33634012277'),(2014,10,'The Dream Team',2000,'Quentin Saudan','tinosaudan@me.com','50184550'),(2015,9,'Spritz Aperol',2000,'Chiara Zanon','chiara.zanon97@gmail.com','91960304'),(2016,7,'Blue Bleu Blå',2000,'Vianney','vianney.courdent@gmail.com','60904238'),(2018,4,'Mango',2000,'Renaud','jesteraden@hotmail.fr','52237339'),(2019,4,'Voll-E',2000,'Jens Grossmann','JensGrossmannLarsen@gmail.com','30268786'),(2020,7,'Team Hedgehog',2000,'Peregrine Mitchell','peregrine.s.mitchell@gmail.com','29803677'),(2021,8,'All tea all shade',2000,'Ipek','Altayip1994@gmail.com ','91864035'),(2022,9,'Smørblomst',2000,'Giulia','giula.corn@gmail.com','52727790'),(2023,5,'Team BDSM',2000,'Kalle Leander','s204099@student.dtu.dk','29718412'),(2024,7,'Forza Formaggio',2000,'Goran Deak','deak.goran@gmail.com','50106927'),(2025,9,'Sandkusserne',2000,'Gustav Jacobsen','gustav.h.jacobsen@gmail.com','42203056'),(2026,6,'Flying Pancakes',2000,'Signe Illum','signe.illum@gmail.com','28732099'),(2027,8,'The Broken Ones',2000,'Tomasz Kaminski','tk.kamyk@gmail.com','81858335'),(2028,6,'KABS',2000,'William Sommer','williamsommer98@yahoo.com','31136636'),(2029,4,'QWABS',2000,'Henrik Hynkemeier','henrik.hynke@gmail.com','29656864'),(2030,6,'Mr WorldWide',2000,'Elena Stojanovska','stojanovska.elena.97@gmail.com','28977659'),(2031,4,'Seethecar',2000,'Marina ','campimpr@gmail.con','52647609'),(2032,2,'Malakes',2000,'Konstadinos Palialexis','kostaspalia95@hotmail.gr','50141104'),(2033,7,'Sets on the beach',2000,'Phillipp Willmer','s202979@student.dtu.dk','81934073'),(2034,5,'ChewBLOCKa',2000,'Emma Brandt','emmabrandt@hotmail.com ','51159012'),(2035,8,'Grasshoppers',2000,'Peter S','pesq@live.dk','30516279'),(2036,7,'Mission Kin-Possible',2000,'Arthur Chabrowski','artur.adam.chabrowski@gmail.com','52138334'),(2037,7,'Insert Name',2000,'Joakim Jakobsen','joakim.jakobsen@gmail.com','20682791'),(2038,3,'Abeborg',2000,'Simon Schneider','Simondanielschneider@gmail.com','60753415'),(2039,2,'Alkoholdet',2000,'Steffan Kunoy','steffankunoy@gmail.com','50158830'),(2040,7,'Team Swing Kings',2000,'Simon Troelsgaard','simon.troelsgaard@gmail.com','42423830'),(2041,5,'Papas con mojo',2000,'Olmo Brito','raslifernunciado@hotmail.com','34633402851'),(2042,5,'Benito and Friends',2000,'Lucia San Juan','lu.sanjuan.5@gmail.com','52790834'),(2043,6,'Sherpa Sushi',2000,'Melanie Audoin','melanie.audoin@free.fr','55209008'),(2044,6,'Øbro idræt team 1',2000,'Pavel Masek','masek@webspeed.dk','28633378'),(2045,6,'Øbro idræt team A',2000,'Rastislav Toth','rastislav.toth1@gmail.com','52709726'),(2046,10,'Mglungu & Co',2000,'Joakim','Joakim.engelbrecht@gmail.com','26169692'),(2047,2,'VampSquad',2000,'Dana-Maria Cobzaru','dana_cobzaru@yahoo.com','52801471'),(2048,7,'Green Lights',2000,'Valentina Sora','sora.valentina1@gmail.com','20903171'),(2049,6,'DUPA DUPA',2000,'Casper Veje','Casper3770@yahoo.dk','20811597'),(2401,8,'Hot Beaches',2378,'Julie Laerke Hansen','julielaerkehansen@gmail.com','30703811'),(2403,6,'Gin & Grenadine',2378,'Mikkel Stub Neubert','mikkel.stub.neubert@gmail.com','40279248'),(2404,3,'Sugar and Spike',2378,'Kristin Anett Remmelgas','kristinanett@gmail.com','+37253669709'),(2405,3,'The Leftovers',2378,'Isabell Ghodt','isabell.ghodt@gmail.com','51306158'),(2406,5,'Dig, Set, Oh Shit!',2378,'Emma','Emmabrandt@hotmail.com','51159012 '),(2407,4,'The three musketeers and Zuza',2378,'Csongor Papp','tsongor13@gmail.com','91845568'),(2408,3,'Never Late',2378,'Konstantinos Palialexis','kostaspalia95@hotmail.gr','50141104'),(2409,6,'Lollipops',2378,'Adex','adex.gomez8@gmail.com','71481433'),(2410,10,'Living Legends',2378,'Viktor Borberg','vjb1997@gmail.com','30136198'),(2411,4,'LACrew',2378,'Laura Voltà','laura.volta.r@gmail.com','50314431'),(2412,5,'Henriks Henchmen',2378,'Henrik Almar','henrik.drostalmar@gmail.com','31525405'),(2413,7,'Error 404',2378,'Vianney','Vianney.courdent@gmail.com','60904238'),(2414,7,'Rocket Science ',2378,'Jacob Sørensen ','jasq@live.dk','30516257'),(2415,3,'The Volleyball Bandits',2378,'Alex Abades','abadesalex31@gmail.com','0034689542313'),(2416,6,'Team Kosmos<3Kaos',2378,'Ida','i.kallehauge@gmail.com','31440785'),(2417,7,'G.A.M.E. OVER',2378,'Goran Deak','deak.goran@gmail.com','50106927'),(2418,8,'Schmetterlinge',2378,'Antonia ','antoniagriesz@yahoo.de','50151848'),(2419,9,'Spike squad',2378,'Giulia','giulia.corn@gmail.com','52727790'),(2420,3,'MASKINERNE',2378,'Kasper Jakobsen ','kasperbifbif@gmail.com','42445913'),(2421,3,'Serve Survivors ',2378,'Boran','boran@aydas.dk','60796072'),(2422,8,'Team bajer ballade ',2378,'Julian Emil Verder Brenøe ','julian.emil.verder.brenoe@gmail.com','26241045'),(2423,3,'Koza',2378,'Anna','akoza.biosustain@gmail.com','21798895'),(2424,9,'Facciamolo',2378,'Thorbjørn Koch','thorl3joern@gmail.com','30423470'),(2425,10,'Goldy Blocks',2378,'Agi Sosna','Agi.sosna@gmail.com','22670652'),(2426,2,'The net climbers',2378,'Chiara Zuccotti','chiara.zuccotti.cz@gmail.com','50110209'),(2427,6,'Grøndinos',2378,'Signe Illum','Signe.illum@gmail.com','28732099'),(2428,8,'The Dogsitters',2378,'Tomek','tk.kamyk@gmail.com','91858335'),(2429,6,'Salt and pepper',2378,'Lidia Fernández','Lidia.F.garces@gmail.com','29229513'),(2430,5,'Set on my Face',2378,'Quentin Grasset','quentin.grasset@hotmail.com','+33668443586'),(2431,4,'Puffin mafia',2378,'Jennifer ','j.canulpolanco@gmail.com','52745699'),(2432,7,'Island boys and cool girls',2378,'Ipek Altay','Altayip1994@gmail.com','91864035 '),(2433,6,'Czechoslovakia 1',2378,'Rastislav ','rastislav.toth1@gmail.com','52709726'),(2434,6,'Czechoslovakia 2',2378,'Pavel Mašek','info@eurosped.dk','28 63 33 78'),(2435,6,'Czechoslovakia 3',2378,'Jan Emil Slavkovský ','emil.jan.slavkovsky@gmail.com','52670268'),(2436,3,'Team Didi',2378,'Martin','',''),(2437,7,'Here for Beer',2378,'Catarina Weber','catarinaweberbsn@gmail.com','52796532'),(2438,3,'Blocks and Beers',2378,'Balanza Théo ','balanza.theo@gmail.com ','+33678722318'),(2439,5,'The nettles',2378,'Jan Engelhardt','jan.engelh@gmail.com','004593511353'),(2440,8,'Gnocchi and Spritz',2378,'Nicola','nicoladellai98@gmail.com','31179614'),(2441,8,'Fashionably Late',2378,'Svend Winther','','28576339'),(2442,6,'Unicorn Riders',2378,'Helena','gawronska.hela@gmail.com','50633953'),(2443,9,'Queens',2378,'Anders Holm','a.andersholm@gmail.com','22245209'),(2444,1,'Bagt kartoffel',2378,'Jacob Grønborg','jacob.groenborg@outlook.dk','25 63 36 22'),(2446,4,'Neural Net Force',2378,'Klaus','klausjupiter@hotmail.com','29885743'),(2447,6,'Team Diji',2378,'Augusta','Augustacornelia@gmail.com','27576880'),(2449,6,'Team Deji ',2378,'Simon','simonheimannolsen@gmail.com','42415708'),(2450,3,'KABS ',2378,'Thomas ','tnielsen2810@gmail.com','21758292'),(2451,3,'Qhwaps',2378,'Thomas','tnielsen2810@gmail.com','21758292'),(4341,10,'Rainbow Bananas',4318,'Nicola Dellai','nicolad723@gmail.com','31436249'),(4342,4,'The Main Dish',4318,'Isabell Ghodt','isabell.ghodt@gmail.com','51306158'),(4343,5,'Omnomnom',4318,'Agata Makarewicz','agamakar99@gmail.com','52222181'),(4344,5,'404 TeamNameNotFound',4318,'Emma Brandt','emmabrandt@hotmail.com','51159012'),(4345,8,'Jan\'s GOATS',4318,'Ipek Altay','altayip1994@gmail.com','91864035'),(4346,6,'RUCsport',4318,'Paulina','s224265@dtu.dk','60139693'),(4347,6,'Mad Hatters',4318,'Alessandro Setti','am.setti@gmail.com','93877783'),(4348,10,'Janek is shit at team names',4318,'Anton Friis Stengaard','afstengaard@gmail.com','42606272'),(4349,7,'Spike Tacular',4318,'Vianney Courdent','vianney.courdent@gmail.com','60904238'),(4350,4,'Czechoslovakia 1',4318,'Pavel','masek@webspeed.dk','28633378'),(4351,4,'Czechoslovakia A',4318,'Pavel','masek@webspeed.dk','28633378'),(4352,5,'Czechoslovakia X',4318,'Pavel','masek@webspeed.dk','28633378'),(4353,5,'Ganz Schnell',4318,'Nienke Kirchhübel','nienkedenis@gmail.com','91858790'),(4354,9,'Almost Balkans',4318,'Bobby','illidan66656@gmail.com','27293728'),(4355,3,'Sidecar',4318,'Marina Puentes','campimpr@gmail.com','52647609'),(4356,6,'Remix',4318,'Jason','lupjason0420@outlook.com','52606754'),(4357,4,'Paralyzed Lamps',4318,'Emil Særmark-Thomsen','emilsaermarkthomsen@gmail.com','71602265'),(4358,7,'The Frying Dumplings ',4318,'Hrefna Jónsdóttir','hrefna89m@gmail.com','91104606'),(4359,6,'Great minds, small setters',4318,'Andrea','andreaarduin10@gmail.com','91888091'),(4360,7,'Distortion Drunks',4318,'Mateo Iturmendi','mateoiturgamble@gmail.com','93883898'),(4361,7,'Kings',4318,'Frederik Lindberg Nielsen','frederiklindbergnielsen@gmail.com','53860385'),(4362,8,'Johnny D & The Size Queens',4318,'Julie Lærke Hansen','julielaerkehansen@gmail.com','30703811'),(4363,8,'Bella Ciao',4318,'Simon','simonheimannolsen@gmail.com','42415708'),(4364,5,'En oldning og tre \"talenter\" ',4318,'Esben Stage','esben.stage@webpoint.dk','42282686'),(4365,8,'Sandcastle Smashers',4318,'Kelly Zwart','info@kellyzwart.com','26353918'),(4366,7,'Ace Angels ',4318,'Augusta Agger','augustacornelia@gmail.com','27576880'),(4367,6,'The Injured',4318,'San Wei Lee','Lswei933@gmail.com','30492388'),(4368,10,'Living Legends',4318,'Viktor Borberg','vjb1997@gmail.com','30136198'),(4369,5,'Banditterne',4318,'Helene Petersen','helene.hepe@gmail.com','20249924'),(4370,3,'Flødeboller',4318,'Simon Fjendbo','simonfjendbo@gmail.com','42728862'),(4371,8,'STRAIN SPRAIN PAIN TRAIN',4318,'Alexander Borch Kristensen ','alex-bk94@outlook.com','21844764'),(4372,7,'Spike Syndicate',4318,'Pauline Thüne','p.thuene@gmx.net','52687980'),(4373,7,'Schmetterlinge',4318,'Julius Meier','julius.meier@gmx.de','50245930'),(4374,3,'Jungle panthers ',4318,'Dana-Maria Cobzaru','dana_cobzaru@yahoo.com','52801471'),(4375,4,'Ocean Spikers',4318,'Klaus Bentzen','klausjupiter@hotmail.com','29885743'),(4376,6,'KSC (Kanalvej Sports Club)',4318,'Jakub Piatek','kubapiatek2@gmail.com','91928234'),(4377,7,'Ref gets a beer if we win',4318,'Joakim Jakobsen ','joakim.haja@gmail.com','20682791'),(4378,10,'Volley Unibrew',4318,'Oliver Holmgren','oliverholmgren00@gmail.com','20958489'),(4379,1,'Baeredygtige Bitches',4318,'Emma Jørgensen','ekj@hotmail.dk','42367939'),(4380,8,'Mixspice',4318,'Liva','liva.spune@gmail.com','28685576'),(4381,7,'Beach Balls and Bunda',4318,'Devin','devinoregan101@gmail.com','52904030'),(4382,9,'Goldy Blocks',4318,'Agi Sosna','agi.sosna@gmail.com','22670652'),(4383,4,'Set it and forget it!',4318,'EYMERY Mathis','s233038@dtu.dk','+33672755625'),(4384,5,'Et al.',4318,'Rasmus Leth ','sumsar4343@gmail.com','29416465'),(4385,6,'Beer Ballers',4318,'Daniel Mayer','daniel.mayer419@gmail.com','91406818'),(4386,5,'Dfunk ',4318,'Emilia Nielsen','emilia.nielsen01@gmail.com','28859304'),(4387,4,'Sugar and Spike',4318,'Jakob Schneider','jaksne@dtu.dk','52907582'),(4388,5,'Blomster',4318,'Thomas Skogemann','skogemon@hotmail.com','26854404'),(10002,4,'The Leftovers',140,'Isabell','isabell.ghodt@gmail.com','51306158'),(10003,6,'Hold 1',140,'Ipek Altay','altayip1994@gmail.com','91864035'),(10004,10,'Rainbow Bananas',140,'Nicola','nicoladellai98@gmail.com','36206711'),(10005,7,'Panda-monium',140,'Emma Brandt','emmabrandt@hotmail.com','51159012'),(10006,3,'La clicka',140,'Adex Gomez','adex.gomez8@gmail.com','71481433'),(10007,6,'One pot pasta',140,'Nicoline Poulsen','nicolinerose@hotmail.com','30742253'),(10008,6,'Remix',140,'Jason Peng Lu','lupjason0420@outlook.com','52606754'),(10009,4,'Min far er volley',140,'William Rasmussen','s245310@dtu.dk','42569455'),(10010,9,'Here for the beers',140,'Bobby','illidanqk@abv.bg','27293728'),(10011,8,'Kongerne af Shell Havnegade',140,'Kristian Johansen','kkragj@gmail.com','25761797'),(10012,7,'Inebriation Protocol',140,'Svend','delugethatssirtoyou@gmail.com',''),(10013,7,'Fc Teeth',140,'Andrea','andreaarduin10@gmail.com','91888091'),(10014,7,'Schnitzel de Nata',140,'Niklas Pantschitz','s242892@dtu.dk','60687931'),(10015,5,'The Lawnmowers',140,'Emil','emilsaermarkthomsen@gmail.com','71602265'),(10016,7,'Just The Tip',140,'Jason Hoffman','s242505@dtu.dk','91650495'),(10017,5,'Setting the tune',140,'Freja Holm','fajhmailbox@gmail.com','20297242 '),(10018,6,'Pierogi & Piragi',140,'Jan Kaminski','jankaminski95@gmail.com','22792896'),(10019,8,'Too Tall, Too Furious',140,'Julia Perkowska','jkf.perko@gmail.com','61449178'),(10020,4,'The Ravens',140,'Natasha Garibay','s134735@dtu.dk','23694671'),(10021,4,'JAAA',140,'Julie Rasmussen','julie.k.blok.r@gmail.com','25797740'),(10022,8,'NOT RASMUS S LEVEL',140,'Julie Hansen','julielaerkehansen@gmail.com','30703811'),(10023,8,'Perfect combo',140,'Liva','liva.spune@gmail.com','28685576'),(10024,4,'Dustdancer',140,'Christian Rasmussen','Christian.kento@gmail.com',''),(10025,8,'RASMUS S LEVEL',140,'Julie Hansen','julielaerkehansen@gmail.com','30703811'),(10026,4,'Ball Busters',140,'Klaus Bentzen','klausjupiter@hotmail.com','29885743'),(10027,6,'Volleypalooza',140,'Robert Penchev','robertpenchev@gmail.com','60906239'),(10028,5,'Ball Bashin Bitches',140,'Simon Schneider','simondanielschneider@gmail.com','60753415'),(10029,5,'No dig\'gity',140,'Marta','martademetrion@gmail.com','91466588'),(10030,8,'Bella Ciaio',140,'Simon Olsen','simonheimannolsen@gmail.com','42415708'),(10031,8,'Team Unicorn',140,'Mathilde','matdyrbye@gmail.com','61778545'),(10032,8,'Bella Ciao 2',140,'Andrew','simonheimannolsen@gmail.com','42415708'),(10033,8,'Drinking team with volleyball problem',140,'Tomek','tk.kamyk@gmail.com','91858335'),(10034,4,'Baguette croustillante',140,'Amadou Sacko','sackoamadou66@gmail.com','52684866'),(10035,6,'Play to slay',140,'Alison','alison759@gmail.com','50103882'),(10036,4,'Kanalvej Players',140,'Jakub','kubapiatek2@gmail.com','91928234'),(10037,8,'The grass tigers',140,'Julie','Jkruselange@hotmail.com','51915008 '),(10038,7,'The injured',140,'Ledina Begiqi','ledina.begiqi@gmail.com','30934339'),(10039,7,'Inteam',140,'Nikolai Madsen','Nikolai.Madsen.95@gmail.com','31109366'),(10040,10,'Living Legends',140,'Viktor Borberg','vjb1997@gmail.com','30136198'),(10041,6,'Rocket Science',140,'Lars Sørensen','lasq@live.dk','30516237'),(10042,6,'En Olding & Tre Talenter',140,'Esben','esben.stage@webpoint.dk','42282686'),(10043,7,'Marinas b*tches',140,'Stig Valla','vallastig@gmail.com','51780851'),(10044,10,'Jou ma se poes',140,'Devin','devinoregan101@gmail.com','52904030'),(10045,6,'Blomsterne',140,'Thomas Skogemann','skogemon@hotmail.com','26854404'),(10046,6,'The Spikopaths',140,'Jonathan','jonathan.frystyk@gmail.com','30695904'),(10047,7,'Bøllebobberne',140,'Frederikke','frederikke.aa1@gmail.com','22468818'),(10048,6,'DFUNK',140,'Emilia Nielsen','emilia.nielsen01@gmail.com','28859304'),(10049,8,'KSV',140,'Philine Buechler','lpbuechler@hotmail.com','50174098');
/*!40000 ALTER TABLE `team` ENABLE KEYS */;
UNLOCK TABLES;

--
-- Table structure for table `team_group`
--

DROP TABLE IF EXISTS `team_group`;
/*!40101 SET @saved_cs_client     = @@character_set_client */;
/*!50503 SET character_set_client = utf8mb4 */;
CREATE TABLE `team_group` (
  `id` bigint NOT NULL AUTO_INCREMENT,
  `name` varchar(255) COLLATE utf8mb4_unicode_ci DEFAULT NULL,
  `phase_id` bigint DEFAULT NULL,
  PRIMARY KEY (`id`),
  KEY `FKksk0e3q9y8k32kaf6p7jn1lu7` (`phase_id`),
  CONSTRAINT `FKksk0e3q9y8k32kaf6p7jn1lu7` FOREIGN KEY (`phase_id`) REFERENCES `phase` (`id`) ON DELETE RESTRICT ON UPDATE RESTRICT
) ENGINE=InnoDB AUTO_INCREMENT=10319 DEFAULT CHARSET=utf8mb4 COLLATE=utf8mb4_unicode_ci;
/*!40101 SET character_set_client = @saved_cs_client */;

--
-- Dumping data for table `team_group`
--

LOCK TABLES `team_group` WRITE;
/*!40000 ALTER TABLE `team_group` DISABLE KEYS */;
INSERT INTO `team_group` VALUES (113,'Group A',8),(114,'Group B',8),(115,'Group C',8),(116,'Group D',8),(117,'Group E',8),(118,'Group F',8),(119,'Group G',8),(120,'Group H',8),(121,'Group I',8),(122,'Group J',8),(123,'Group K',8),(124,'Group L',8),(125,'Group M',8),(126,'Group N',8),(127,'Group O',8),(128,'Group P',8),(129,'Group Green 1',9),(130,'Group Green 2',9),(131,'Group Blue 1',9),(132,'Group Blue 2',9),(133,'Group Red 1',9),(134,'Group Red 2',9),(135,'Group Purple 1',9),(136,'Group Purple 2',9),(153,'Group A',11),(154,'Group B',11),(155,'Group C',11),(156,'Group D',11),(157,'Group E',11),(158,'Group F',11),(159,'Group G',11),(160,'Group H',11),(161,'Group I',11),(162,'Group J',11),(163,'Group K',11),(164,'Group L',11),(165,'Group M',11),(166,'Group N',11),(167,'Group O',11),(168,'Group P',11),(169,'Group Green 1',12),(170,'Group Green 2',12),(171,'Group Blue 1',12),(172,'Group Blue 2',12),(173,'Group Red 1',12),(174,'Group Red 2',12),(175,'Group Purple 1',12),(176,'Group Purple 2',12),(177,'Group A',13),(178,'Group B',13),(179,'Group C',13),(180,'Group D',13),(181,'Group E',13),(182,'Group F',13),(183,'Group G',13),(184,'Group H',13),(185,'Group I',13),(186,'Group J',13),(187,'Group K',13),(188,'Group L',13),(189,'Group M',13),(190,'Group N',13),(191,'Group O',13),(192,'Group P',13),(193,'Group Green 1',14),(194,'Group Green 2',14),(195,'Group Blue 1',14),(196,'Group Blue 2',14),(197,'Group Red 1',14),(198,'Group Red 2',14),(199,'Group Purple 1',14),(200,'Group Purple 2',14),(233,'Group A',17),(234,'Group B',17),(235,'Group C',17),(236,'Group D',17),(237,'Group E',17),(238,'Group F',17),(239,'Group G',17),(240,'Group H',17),(241,'Group I',17),(242,'Group J',17),(243,'Group K',17),(244,'Group L',17),(245,'Group M',17),(246,'Group N',17),(247,'Group O',17),(248,'Group P',17),(273,'Group Green 1',20),(274,'Group Green 2',20),(275,'Group Blue 1',20),(276,'Group Blue 2',20),(277,'Group Red 1',20),(278,'Group Red 2',20),(279,'Group Purple 1',20),(280,'Group Purple 2',20),(2051,'Group A',2050),(2058,'Group B',2050),(2065,'Group C',2050),(2072,'Group D',2050),(2079,'Group E',2050),(2086,'Group F',2050),(2093,'Group G',2050),(2100,'Group H',2050),(2107,'Group I',2050),(2114,'Group J',2050),(2121,'Group K',2050),(2128,'Group L',2050),(2135,'Group M',2050),(2142,'Group N',2050),(2149,'Group O',2050),(2156,'Group P',2050),(2164,'Group Green 1',2163),(2186,'Group Green 2',2163),(2208,'Group Blue 1',2163),(2230,'Group Blue 2',2163),(2252,'Group Red 1',2163),(2274,'Group Red 2',2163),(2296,'Group Purple 1',2163),(2318,'Group Purple 2',2163),(2567,'Group A',2566),(2574,'Group B',2566),(2581,'Group C',2566),(2588,'Group D',2566),(2595,'Group E',2566),(2602,'Group F',2566),(2609,'Group G',2566),(2616,'Group H',2566),(2623,'Group I',2566),(2630,'Group J',2566),(2637,'Group K',2566),(2644,'Group L',2566),(2651,'Group M',2566),(2658,'Group N',2566),(2665,'Group O',2566),(2672,'Group P',2566),(2680,'Group Green 1',2679),(2702,'Group Green 2',2679),(2724,'Group Blue 1',2679),(2746,'Group Blue 2',2679),(2768,'Group Red 1',2679),(2790,'Group Red 2',2679),(2812,'Group Purple 1',2679),(2834,'Group Purple 2',2679),(4390,'Group A',4389),(4397,'Group B',4389),(4404,'Group C',4389),(4411,'Group D',4389),(4418,'Group E',4389),(4425,'Group F',4389),(4432,'Group G',4389),(4439,'Group H',4389),(4446,'Group I',4389),(4453,'Group J',4389),(4460,'Group K',4389),(4467,'Group L',4389),(4474,'Group M',4389),(4481,'Group N',4389),(4488,'Group O',4389),(4495,'Group P',4389),(4503,'Group Green 1',4502),(4525,'Group Green 2',4502),(4547,'Group Blue 1',4502),(4569,'Group Blue 2',4502),(4591,'Group Red 1',4502),(4613,'Group Red 2',4502),(4635,'Group Purple 1',4502),(4657,'Group Purple 2',4502),(10051,'Group A',10050),(10058,'Group B',10050),(10065,'Group C',10050),(10072,'Group D',10050),(10079,'Group E',10050),(10086,'Group F',10050),(10093,'Group G',10050),(10100,'Group H',10050),(10107,'Group I',10050),(10114,'Group J',10050),(10121,'Group K',10050),(10128,'Group L',10050),(10135,'Group M',10050),(10142,'Group N',10050),(10149,'Group O',10050),(10156,'Group P',10050),(10164,'Group Green 1',10163),(10186,'Group Green 2',10163),(10208,'Group Blue 1',10163),(10230,'Group Blue 2',10163),(10252,'Group Red 1',10163),(10274,'Group Red 2',10163),(10296,'Group Purple 1',10163),(10318,'Group Purple 2',10163);
/*!40000 ALTER TABLE `team_group` ENABLE KEYS */;
UNLOCK TABLES;

--
-- Table structure for table `tournament`
--

DROP TABLE IF EXISTS `tournament`;
/*!40101 SET @saved_cs_client     = @@character_set_client */;
/*!50503 SET character_set_client = utf8mb4 */;
CREATE TABLE `tournament` (
  `id` bigint NOT NULL AUTO_INCREMENT,
  `field_count` int DEFAULT NULL,
  `name` varchar(255) COLLATE utf8mb4_unicode_ci DEFAULT NULL,
  `team_number` varchar(255) COLLATE utf8mb4_unicode_ci DEFAULT NULL,
  `year` int DEFAULT NULL,
  `playoff_id` bigint DEFAULT NULL,
  PRIMARY KEY (`id`),
  KEY `FKgp1p2krsya54jox26kyvpwkx3` (`playoff_id`),
  CONSTRAINT `FKgp1p2krsya54jox26kyvpwkx3` FOREIGN KEY (`playoff_id`) REFERENCES `playoff` (`id`) ON DELETE RESTRICT ON UPDATE RESTRICT
) ENGINE=InnoDB AUTO_INCREMENT=4319 DEFAULT CHARSET=utf8mb4 COLLATE=utf8mb4_unicode_ci;
/*!40101 SET character_set_client = @saved_cs_client */;

--
-- Dumping data for table `tournament`
--

LOCK TABLES `tournament` WRITE;
/*!40000 ALTER TABLE `tournament` DISABLE KEYS */;
INSERT INTO `tournament` VALUES (1,8,'DTU Volley Summer Tournament 2017','FORTY_EIGHT',2017,NULL),(2,8,'DTU Volley Summer Tournament 2018','FORTY_EIGHT',2018,NULL),(3,8,'DTU Volley Summer Tournament 2019','FORTY_EIGHT',2019,NULL),(5,8,'DTU Volley Summer Tournament 2021','FORTY_EIGHT',2021,NULL),(140,8,'DTU Volley Summer Tournament 2025','FORTY_EIGHT',2025,NULL),(2000,8,'DTU Volley Summer Tournament 2022','FORTY_EIGHT',2022,NULL),(2378,8,'DTU Volley Summer Tournament 2023','FORTY_EIGHT',2023,NULL),(4318,8,'DTU Volley Summer Tournament 2024','FORTY_EIGHT',2024,NULL);
/*!40000 ALTER TABLE `tournament` ENABLE KEYS */;
UNLOCK TABLES;

--
-- Table structure for table `volunteer_shifts`
--

DROP TABLE IF EXISTS `volunteer_shifts`;
/*!40101 SET @saved_cs_client     = @@character_set_client */;
/*!50503 SET character_set_client = utf8mb4 */;
CREATE TABLE `volunteer_shifts` (
  `round_entity_id` bigint NOT NULL,
  `volunteers` varchar(255) DEFAULT NULL,
  KEY `FKlf1msubv80u4duif6q9o45la` (`round_entity_id`),
  CONSTRAINT `FKlf1msubv80u4duif6q9o45la` FOREIGN KEY (`round_entity_id`) REFERENCES `round` (`id`)
) ENGINE=InnoDB DEFAULT CHARSET=latin1;
/*!40101 SET character_set_client = @saved_cs_client */;

--
-- Dumping data for table `volunteer_shifts`
--

LOCK TABLES `volunteer_shifts` WRITE;
/*!40000 ALTER TABLE `volunteer_shifts` DISABLE KEYS */;
/*!40000 ALTER TABLE `volunteer_shifts` ENABLE KEYS */;
UNLOCK TABLES;

--
-- Table structure for table `volunteers`
--

DROP TABLE IF EXISTS `volunteers`;
/*!40101 SET @saved_cs_client     = @@character_set_client */;
/*!50503 SET character_set_client = utf8mb4 */;
CREATE TABLE `volunteers` (
  `team_entity_id` bigint NOT NULL,
  `volunteers` varchar(255) DEFAULT NULL,
  KEY `FKkxusuj4herkb2gtxyias56djq` (`team_entity_id`),
  CONSTRAINT `FKkxusuj4herkb2gtxyias56djq` FOREIGN KEY (`team_entity_id`) REFERENCES `team` (`id`)
) ENGINE=InnoDB DEFAULT CHARSET=latin1;
/*!40101 SET character_set_client = @saved_cs_client */;

--
-- Dumping data for table `volunteers`
--

LOCK TABLES `volunteers` WRITE;
/*!40000 ALTER TABLE `volunteers` DISABLE KEYS */;
/*!40000 ALTER TABLE `volunteers` ENABLE KEYS */;
UNLOCK TABLES;
/*!40103 SET TIME_ZONE=@OLD_TIME_ZONE */;

/*!40101 SET SQL_MODE=@OLD_SQL_MODE */;
/*!40014 SET FOREIGN_KEY_CHECKS=@OLD_FOREIGN_KEY_CHECKS */;
/*!40014 SET UNIQUE_CHECKS=@OLD_UNIQUE_CHECKS */;
/*!40101 SET CHARACTER_SET_CLIENT=@OLD_CHARACTER_SET_CLIENT */;
/*!40101 SET CHARACTER_SET_RESULTS=@OLD_CHARACTER_SET_RESULTS */;
/*!40101 SET COLLATION_CONNECTION=@OLD_COLLATION_CONNECTION */;
/*!40111 SET SQL_NOTES=@OLD_SQL_NOTES */;

-- Dump completed on 2026-03-25 14:39:40
